game_appid,game_name,total_review,total_review_positive,eng_review,eng_review_positive,released_date,early_access_release_date
1530750,EVERSLAUGHT,333,62,289,59,20210731000000,20210731000000
1588010,PGA TOUR 2K23,4664,75,5333,74,20221014000000,
320320,Darkstone,444,78,343,76,19990731000000,
201210,Pox Nora,852,76,598,76,20141015000000,
248800,Dysfunctional Systems: Learning to Manage Chaos,628,75,656,74,20130404000000,
363950,Windscape,168,63,210,55,20190327000000,
887450,Tunche,587,74,236,67,20211102000000,
696370,BROKE PROTOCOL,3168,74,1145,69,20240626000000,20170826000000
1924780,Arzette: The Jewel of Faramore,670,97,780,97,20240213000000,
915670,Everreach: Project Eden,398,48,362,48,20191204000000,
1557480,Project MIKHAIL: A Muv-Luv War Story,679,55,215,63,20240426000000,20211101000000
11040,Sherlock Holmes - Nemesis,565,72,308,66,20080414000000,
1401590,Disney Dreamlight Valley,18550,91,14842,91,20231205000000,20220906000000
718670,Cultist Simulator,9174,82,7101,76,20180531000000,
1506440,Batora: Lost Haven,187,75,222,62,20221020000000,
2181930,DR LIVESEY ROM AND DEATH EDITION,11972,94,1743,91,20230213000000,
274310,Always Sometimes Monsters,1371,79,2024,74,20140521000000,
73210,Sengoku,369,62,288,59,20110915000000,
1163550,Captain Tsubasa: Rise of New Champions,4237,71,1433,69,20200928000000,
1184160,RUSSIAPHOBIA,5340,69,1705,69,20201225000000,
2996040,Teenage Mutant Ninja Turtles: Splintered Fate,1631,81,1231,83,20241106000000,
386360,SMITE,119795,78,67942,77,20150908000000,
695600,This Grand Life,217,75,204,75,20180417000000,
372800,RPG MO,2902,78,1527,74,20150818000000,
243000,Omikron: The Nomad Soul,393,67,445,64,19991102000000,
343100,Overture,565,72,779,73,20150101000000,
1040070,Merchant of the Skies,1410,87,1303,86,20200417000000,20190730000000
471010,Seven: Enhanced Edition,1337,76,983,73,20171201000000,
599460,Weapon Shop Fantasy,1502,79,291,77,20170226000000,
1147940,3dSen PC,400,91,300,90,20200619000000,20200619000000
2056210,LONESTAR,1794,91,718,90,20250403000000,20240118000000
369440,Immortal: Unchained,695,64,426,65,20180907000000,
469920,hackmud,731,79,736,79,20160922000000,
505460,Foxhole,39323,83,27722,82,20220928000000,20170727000000
501180,Acan's Call: Act 1,370,82,279,82,20160811000000,
1663640,The Last Oricru - Final Cut,481,69,329,69,20221013000000,
386590,Novus Inceptio,1061,51,871,50,20151005000000,
1997660,GreedFall II: The Dying World,395,55,301,55,20240924000000,20240924000000
927350,Hood: Outlaws & Legends,7686,47,4746,46,20210510000000,
1608290,GNOSIA,3003,93,621,93,20220123000000,
770100,One Deck Dungeon,725,81,664,78,20180518000000,
1314000,Achilles: Legends Untold,1509,79,716,79,20231102000000,20220512000000
840260,Endless World Idle RPG,4242,77,1328,73,20190826000000,
555570,Infestation: The New Z,33811,53,10818,45,20161122000000,
39200,Dungeon Siege II,2422,75,1422,73,20050816000000,
938860,"Get In The Car, Loser!",91,96,398,83,20210921000000,
215280,Secret World Legends,9057,67,6561,66,20170731000000,
48220,Might & Magic: Heroes VI,8179,46,4073,38,20111013000000,
23500,Puzzle Quest: Galactrix,304,49,259,45,20090224000000,
489520,Minion Masters,64902,89,24390,87,20190524000000,
438420,Zenith,399,72,271,59,20160920000000,
338540,Navy Field 2 : Conqueror of the Ocean,1390,44,703,40,20150305000000,
1592360,Kitten Burst,300,99,315,98,20240120000000,20220902000000
235340,Prime World,3784,58,831,46,20140331000000,
372000,Tree of Savior (English Ver.),20310,64,10315,58,20160328000000,
1173780,FINAL FANTASY II,2458,80,1820,79,20210728000000,
489220,Unforgiving Trials: The Darkest Crusade,56,73,200,56,20160615000000,
1289380,Sheltered 2,1894,46,745,50,20210921000000,
779290,Stygian: Reign of the Old Ones,1748,66,910,64,20190926000000,
1222800,VALKYRIE CONNECT,1088,74,472,69,20200402000000,
1252600,ANOTHER EDEN,1865,69,975,69,20210330000000,
675560,NAVYFIELD,734,67,239,60,20000318000000,
343750,Firefly Online Cortex,659,41,576,42,20150129000000,
344190,Immortal Empire,306,72,212,72,20151203000000,
1340180,Sherwood Extreme,20,100,251,78,20240429000000,20210512000000
638650,Sword Art Online Re: Hollow Fragment,1774,78,806,80,20180820000000,
422810,River City Ransom: Underground,2023,76,1317,72,20170227000000,
311720,Sproggiwood,317,79,477,79,20141024000000,
442080,Riders of Icarus,10728,66,5346,59,20160706000000,
46410,Avencast: Rise of the Mage,291,76,344,67,20100317000000,
1369630,ENDER LILIES: Quietus of the Knights,37194,93,10465,95,20210621000000,20210120000000
1926090,Coreborn,508,64,234,57,20240619000000,20230718000000
346110,ARK: Survival Evolved,548179,84,318805,80,20170827000000,
509580,The Lord of the Rings: Adventure Card Game - Definitive Edition,1155,76,995,72,20190829000000,20171209000000
496730,Sorcerer King: Rivals,251,64,323,62,20160922000000,
1815570,Aces & Adventures,1979,90,910,86,20230223000000,
516510,Orake Classic,634,70,476,71,20160813000000,
70420,Chantelise - A Tale of Two Sisters,630,75,551,74,20110729000000,
349500,Cubicle Quest,550,74,327,77,20150225000000,
600120,Life Forge - Reborn ORPG,356,68,275,70,20170317000000,
311480,Vertical Drop Heroes HD,149,77,402,76,20140725000000,
746930,OrbusVR: Reborn,1195,76,1050,75,20190423000000,
466660,Stash,668,66,569,68,20170907000000,
386280,Vendetta - Curse of Raven's Cry,265,45,326,46,20151120000000,
1072640,Beat Blast,381,89,268,87,20210825000000,20200814000000
1600370,Not Tonight 2,359,81,240,77,20220211000000,
376310,Otherland MMO,685,40,479,42,20150910000000,
216910,Of Orcs And Men,1482,75,1011,70,20121011000000,
681390,ZomDay,763,85,463,85,20200327000000,
2017610,CORPUS EDAX,190,75,209,77,20240905000000,
566540,Labyrinth of Refrain: Coven of Dusk,1158,79,578,80,20180918000000,
219340,The Banner Saga: Factions,841,74,564,74,20130225000000,
1062040,Dragon Star Varnir,422,77,206,78,20191008000000,
331440,bit Dungeon II,1403,83,1248,78,20141215000000,
585450,Shadows: Awakening,1482,75,1202,76,20180831000000,
658970,CasinoRPG,296,62,227,59,20180116000000,
421170,Indivisible,2306,72,1956,71,20191008000000,
1416260,SpellForce 3: Versus Edition,1505,75,605,74,20201103000000,
263320,Saturday Morning RPG,316,78,385,75,20140129000000,
1116550,Elon Simulator 2019,489,82,242,85,20191018000000,20190731000000
1403370,Zenith: The Last City,4489,67,3527,65,20220127000000,20220127000000
1179680,Wurm Online,2329,62,1670,61,20121212000000,
1832040,Flintlock: The Siege of Dawn,795,75,557,77,20240717000000,
294370,Crowntakers,381,75,402,67,20141107000000,
552700,WORLD OF FINAL FANTASY,2712,77,1597,75,20171121000000,
662210,Metal as Phuk,232,95,231,95,20170713000000,
289090,Ampu-Tea,814,67,908,55,20140530000000,
1952370,Oblivion Override,1601,90,505,95,20240124000000,20230613000000
2321210,Neon Echo,3511,57,340,58,20230420000000,20230420000000
575720,Mighty Party,2481,58,755,46,20170330000000,
1088090,Day of Dragons,5777,69,5309,65,20191204000000,20191204000000
377530,侠客风云传(Tale of Wuxia),6218,76,607,84,20160428000000,
553210,"Warhammer 40,000: Space Wolf",1351,65,581,63,20170921000000,
237870,Planet Explorers,6812,62,3862,59,20161108000000,
910830,Rebel Galaxy Outlaw,802,66,819,62,20200922000000,
1582510,Mercenaries Blaze,533,75,206,68,20210610000000,
1599470,Purrfect Apawcalypse: Patches' Infurno,356,99,258,98,20210513000000,
1963520,Cygnus Enterprises,323,69,210,65,20231219000000,20221216000000
530560,STEAM HAMMER,445,40,250,28,20170512000000,
493080,Card Quest,314,86,278,83,20171107000000,
2089980,Extremely Powerful Capybaras,861,62,229,82,20231205000000,
673070,The Ranger: Lost Tribe,372,79,243,73,20170802000000,
1921480,#BLUD,258,78,231,80,20240618000000,
519190,Next Day: Survival,8671,62,3571,58,20180521000000,
415030,One More Dungeon,501,78,314,70,20151123000000,
1668290,Dungeons of Aether,562,81,512,81,20230228000000,
2221920,Immortals Fenyx Rising,3752,71,1771,71,20221216000000,
397500,Labyronia RPG 2,570,75,253,72,20150828000000,
582330,Warriors: Rise to Glory,841,78,444,89,20220120000000,20180202000000
2230980,Caribbean Legend,1748,75,760,75,20240215000000,
223410,Perpetuum,792,72,547,73,20141017000000,
213030,Penny Arcade's On the Rain-Slick Precipice of Darkness 3,583,85,486,86,20120625000000,
669950,BDSM: Big Drunk Satanic Massacre,1072,87,533,86,20191010000000,
344240,Man O' War: Corsair - Warhammer Naval Battles,752,63,585,65,20170419000000,
61500,Age of Wonders,837,78,659,76,20101012000000,
253980,Enclave,1750,75,2091,72,20030310000000,
1259000,Damascus,249,75,221,76,20200515000000,
1071140,ORX,581,71,255,71,20220830000000,20220830000000
1167750,The Lamplighters League,594,72,621,71,20231003000000,
1114070,My Child Lebensborn,1430,94,571,94,20210531000000,20200922000000
466220,Kingdom of Loot,363,52,206,47,20170414000000,
339580,Ember,893,75,760,76,20160909000000,
232450,SolForge,63,63,977,64,20160725000000,
872240,Nick Beard: The Fedora of Destiny,255,84,215,86,20180708000000,
427910,Zavix Tower,171,63,279,73,20160721000000,
459160,Allods Online,800,71,367,65,20091001000000,
1580520,Lost Eidolons,1502,71,916,67,20221013000000,
1736550,Deflector,280,87,202,87,20230324000000,20220127000000
1924400,Hand of Doom,229,89,230,89,20230516000000,
766570,Russian Fishing 4,73392,53,6270,77,20211110000000,20180615000000
600460,Dustwind,302,74,241,75,20180815000000,
317820,Guild of Dungeoneering Ultimate Edition,1687,76,1878,75,20150714000000,
1520760,Tyrant's Blessing,253,71,201,66,20220808000000,
233290,Murdered: Soul Suspect,11391,86,6509,81,20140603000000,
41700,S.T.A.L.K.E.R.: Call of Pripyat,24387,95,11394,95,20100211000000,
954870,Astrox Imperium,1141,86,986,86,20190322000000,20190322000000
944920,Nanotale - Typing Chronicles,644,78,454,76,20210331000000,20191023000000
649950,Ashen,3052,68,1796,66,20191209000000,
72850,The Elder Scrolls V: Skyrim,181198,94,173428,93,20111110000000,
1140440,OMON Simulator,2608,74,265,71,20191018000000,
1113030,Stellar Warfare,270,85,288,84,20210804000000,20210804000000
2459750,Yohane the Parhelion - NUMAZU in the MIRAGE -,478,91,211,92,20240221000000,
361230,Super Daryl Deluxe,210,90,369,86,20180410000000,
1431610,Prison Simulator: Prologue,2913,89,556,84,20210520000000,
524970,Helmet Heroes,915,53,638,52,20130310000000,
463980,Solitairica,403,78,424,75,20160531000000,
409850,Criminal Girls: Invite Only,554,77,333,75,20170111000000,
366910,The Long Journey Home,1298,57,778,50,20170530000000,
2023360,The Last Case of Benedict Fox Definitive Edition,653,71,449,71,20230427000000,
589290,Holdfast: Nations At War,22586,89,17501,90,20200305000000,
385890,Golden Rush,0,0,213,37,20150923000000,
360150,How To Survive: Third Person Standalone,1120,56,419,52,20150702000000,
375510,New kind of adventure,841,42,845,43,20150604000000,
340810,Deepworld,730,60,480,61,20150422000000,
940710,Colt Canyon,1188,90,734,87,20200616000000,
1433420,Love n War: Hero by Chance,1084,78,234,74,20210108000000,
263500,Dragons and Titans,3440,78,1326,73,20140312000000,
658980,Valnir Rok Survival RPG,689,46,516,42,20170926000000,
829590,CryoFall,4661,79,2145,73,20210429000000,20190403000000
1415220,It's Only Money,441,81,423,79,20241021000000,20230615000000
254060,KnightShift,339,76,388,63,20031231000000,
215630,Demonicon,426,68,484,67,20131024000000,
385380,Planet Centauri,1831,77,991,77,20160603000000,20160603000000
547860,Rend,1564,53,1003,51,20190329000000,20180725000000
1807810,The Axis Unseen,239,80,228,82,20241022000000,
824000,Hokko Life,1787,69,1462,65,20220927000000,20210602000000
349790,Galaxy of Pen & Paper +1,322,69,252,61,20170727000000,
1127840,Landlord's Super,1264,84,1240,82,20230525000000,20200430000000
889600,The Caligula Effect: Overdose,463,70,294,75,20190312000000,
413710,Blood and Gold: Caribbean!,1173,59,792,57,20151210000000,
1377360,Vampires' Melody,5213,97,430,93,20201002000000,
307880,Savage Lands,4183,56,4416,52,20211216000000,20150305000000
436290,Children of Zodiarcs,344,69,393,68,20170718000000,
1636710,The Brew Barons,722,78,620,76,20240301000000,
643810,Fugl,557,84,424,86,20170914000000,
427410,Abiotic Factor,23018,96,20209,97,20240502000000,20240502000000
2445690,Lost Castle 2,6720,77,707,90,20240724000000,20240724000000
211820,Starbound,86376,90,73908,88,20160722000000,
391280,Epic Manager - Create Your Own Adventuring Agency!,181,62,204,64,20161212000000,
844050,Desert Child,75,76,237,54,20181211000000,
302270,Dungeon Defenders Eternity,1350,48,1215,45,20140722000000,
1942280,Brotato,92345,96,26383,96,20230623000000,20220927000000
1249800,Xuan-Yuan Sword VII,8394,62,305,77,20201028000000,
2917350,Spin Hero,479,77,204,80,20241008000000,
695100,Smoke and Sacrifice,253,79,227,74,20180531000000,
566090,The Bard's Tale IV: Barrows Deep,683,65,1072,68,20180918000000,
238750,Might & Magic X - Legacy,3045,65,1770,64,20140123000000,
242840,In Verbis Virtus,1458,78,492,76,20150403000000,
279720,The I of the Dragon,420,72,349,63,20040310000000,
355840,Survarium,25455,54,7381,52,20150402000000,
2305840,Cat Quest III,2342,94,1067,95,20240808000000,
290650,Time Ramesside (A New Reckoning),85,36,242,18,20150501000000,
1420050,Loot Grind Simulator,372,80,270,77,20201014000000,
396640,TowerClimb,295,89,340,92,20150922000000,
409590,KINGDOMS,3941,73,2432,70,20151023000000,
1048100,Peekaboo,2822,79,1039,80,20190807000000,20190329000000
232050,Eador. Masters of the Broken World,1615,67,1217,61,20130419000000,
2788310,Twilight Survivors,863,89,269,94,20240401000000,
1400970,The Elder Scrolls Online - Blackwood,462,49,269,47,20210601000000,
1184820,Poker Quest: Swords and Spades,641,86,542,86,20221114000000,20210720000000
506140,Shop Heroes,3677,66,1204,63,20160815000000,
7110,Jade Empire: Special Edition,1754,75,1603,74,20070227000000,
877810,Anodyne 2: Return to Dust,624,94,693,94,20190812000000,
421810,OH! RPG!,267,61,245,74,20151211000000,
414530,Skyforge,4334,59,2324,54,20170413000000,
1989270,Slay the Princess — The Pristine Cut,22470,97,18601,97,20231023000000,
858060,Idle Heist,327,28,207,29,20180608000000,
928990,Undungeon,234,66,225,61,20211118000000,
345350,LIGHTNING RETURNS: FINAL FANTASY XIII,3767,79,2420,79,20151210000000,
1175460,Revita,1617,84,1117,89,20220421000000,20210303000000
1069640,This Land Is My Land,4064,68,2745,68,20211020000000,20191120000000
1189230,Door in the Woods,232,78,216,76,20191204000000,
977720,Starpoint Gemini 3,731,50,548,51,20201105000000,20190905000000
269190,Edge Of Eternity,3191,73,2009,72,20210608000000,20181205000000
1074070,Dust to the End,1012,79,280,78,20210811000000,20200929000000
484950,恶魔迷宫 | Evil Maze,811,76,259,60,20160617000000,
1722860,Munchkin Digital,1127,77,738,70,20230309000000,20221201000000
215080,WAKFU,10237,75,3887,67,20140918000000,
17450,Dragon Age: Origins,10528,91,3688,90,20091106000000,
1920490,The Outer Worlds: Spacer's Choice Edition,1531,70,2581,73,20230308000000,
1656780,Hero's Hour,4364,79,2891,81,20220301000000,
494430,Praey for the Gods,2326,83,1549,79,20211214000000,20190131000000
414740,RAID: World War II,2234,63,1757,65,20170926000000,
218820,Mercenary Kings: Reloaded Edition,1177,74,1637,68,20140325000000,
1042780,Pine,1465,72,847,69,20191010000000,
900010,Meeple Station,625,57,650,58,20200410000000,20190117000000
814000,ONE PIECE ODYSSEY,2234,79,1681,81,20230112000000,
407840,Guardians of Orion (Phase 2),2979,53,2431,50,20151201000000,
546430,Pathway,1857,76,1367,75,20190411000000,
600750,Star Trek Timelines,1429,65,985,65,20160114000000,
12710,Overlord: Raising Hell,1765,92,1164,92,20080215000000,
2140650,Harvest Moon: The Winds of Anthos,319,76,251,76,20230927000000,
417990,Major\Minor,426,80,359,78,20151207000000,
1121560,Atelier Ryza: Ever Darkness & the Secret Hideout,7138,86,2145,88,20191028000000,
712840,King Exit,6818,95,231,79,20171019000000,
940310,Corpse Party 2: Dead Patient,331,71,256,69,20191023000000,
1124660,STORM AREA 51: AYY LMAO EDITION,846,78,409,78,20190919000000,
260130,Agarest: Generations of War Zero,345,71,266,71,20140417000000,
240320,Panzar,5145,65,1167,50,20130412000000,
295710,Darkwind: War on Wheels,468,51,321,57,20140822000000,
619780,The Swords of Ditto: Mormo's Curse,1778,62,986,64,20180424000000,
623280,Dungeons & Dragons: Dark Alliance,4708,49,3467,49,20210622000000,
1072150,Hedon Bloodrite,1515,94,1637,92,20190516000000,
39120,RIFT,11239,74,7201,73,20131024000000,
299740,Miscreated,23084,66,15295,63,20181218000000,
601540,Veil of Crows,457,51,356,49,20181018000000,
1069660,Ultimate Admiral: Dreadnoughts,5943,64,4862,61,20230125000000,20211210000000
290470,Onigiri,1162,70,700,71,20190328000000,
997070,Marvel's Avengers - The Definitive Edition,34089,66,16819,66,20200905000000,
412450,The Black Death,2218,52,1407,51,20160419000000,
699670,Feudal Alloy,788,69,279,67,20190117000000,
559100,Phantom Doctrine,3651,74,2468,74,20180814000000,
690530,灵魂筹码 Soul at Stake,6596,74,235,56,20180625000000,
212070,Star Conflict,14847,73,6088,69,20130227000000,
1162130,Windbound,962,59,688,61,20200828000000,
455440,Spell Fighter VR,375,68,299,69,20160301000000,
1504570,Cultivation Tales,12577,38,237,63,20240417000000,20220414000000
633080,Relic Hunters Legend,978,63,414,85,20230925000000,20230925000000
409720,BioShock 2 Remastered,21242,71,13261,69,20160916000000,
1716940,Ancient Gods,271,63,205,60,20220803000000,20211119000000
792220,Paunch,11128,89,5448,91,20191204000000,
844260,Rustler (Grand Theft Horse),1033,79,695,73,20210218000000,20210218000000
1049660,stein.world,854,66,386,61,20190423000000,
1091980,The Bard's Tale IV: Director's Cut,649,78,858,75,20190827000000,
351100,Niffelheim,1783,73,670,61,20180926000000,
1283400,Steelrising,3147,73,2272,72,20220908000000,
607880,Accel World VS. Sword Art Online Deluxe Edition,897,74,364,73,20170912000000,
340170,FINAL FANTASY TYPE-0 HD,2460,60,1748,61,20150819000000,
1587540,Anvil Saga,1396,72,736,66,20231116000000,20220621000000
1623730,Palworld,321663,94,154731,95,20240118000000,20240118000000
716350,Reign of Guilds,832,62,347,58,20240404000000,20240404000000
1433860,The Amazing American Circus,129,62,220,43,20210916000000,
222520,Champions of Regnum,1196,68,510,55,20070524000000,
1266820,Ultimate ADOM - Caverns of Chaos,411,48,333,42,20210825000000,20210218000000
1812910,Great Houses of Calderia,320,65,269,64,20240502000000,20230830000000
812870,Sentinels of Freedom,167,68,246,73,20200416000000,
2183900,"Warhammer 40,000: Space Marine 2",118720,83,96229,86,20240909000000,
31170,Tales of Monkey Island: Complete Season,611,88,506,88,20090707000000,
264300,Guns n Zombies,792,68,366,61,20141030000000,
265470,Even the Ocean,205,85,208,88,20161116000000,
209730,R.A.W. Realms of Ancient War,359,54,380,46,20121011000000,
449040,Jesus Christ RPG Trilogy,30,80,1245,86,20160318000000,
1963210,VALKYRIE ELYSIUM,949,60,522,65,20221111000000,
597820,BIOMUTANT,12615,67,11353,69,20210525000000,
715400,Frozen Flame,2160,63,1138,70,20221117000000,20221117000000
520600,Purrfect Date - Visual Novel/Dating Simulator,154,81,419,60,20171215000000,
2816950,Yaoling: Mythical Journey,2175,91,335,96,20240715000000,20240715000000
279440,Joe Dever's Lone Wolf HD Remastered,560,75,421,72,20141127000000,
889080,Deity Empires,320,88,282,86,20180925000000,
991260,Borderlands 2 VR,975,61,1243,52,20191022000000,
338140,Venetica - Gold Edition,605,79,325,73,20090904000000,
1047010,Synergia,572,88,357,85,20200727000000,
378370,Nomad,4636,60,1813,54,20150626000000,
337270,Ostrich Island,173,82,210,85,20150108000000,
1426490,LOST EPIC,1023,72,213,85,20220727000000,20210605000000
296570,Lords of Xulima,1009,79,706,79,20141114000000,
1815530,Dungeon Defenders: Going Rogue,271,42,242,39,20250110000000,20220329000000
42170,Krater,649,56,553,52,20120612000000,
1532690,BLACKTAIL,1644,83,1112,81,20221215000000,
1538970,Hammerwatch II,1762,61,1121,64,20230815000000,
1913370,OPERATOR,2470,79,2193,80,20230801000000,20230801000000
679270,Antaria Online,338,63,219,58,20171004000000,
574180,Rem Survival,704,75,432,77,20210305000000,20210305000000
1496790,Gotham Knights,14545,68,15604,68,20221021000000,
277870,Diehard Dungeon,425,73,339,71,20120911000000,
526180,Deus Ex: Mankind Divided - VR Experience,295,48,207,48,20170125000000,
403970,The Dwarves,1145,74,872,69,20161201000000,
492290,Has-Been Heroes,256,79,213,74,20170328000000,
392080,Wayward Terran Frontier: Zero Falls,455,68,373,66,20160211000000,
547680,Guild Quest,1723,65,1037,60,20170126000000,
904360,Family Man,305,77,399,69,20200522000000,
1239020,TOGETHER BnB,7475,58,405,57,20210409000000,20210409000000
739080,9 Monkeys of Shaolin,655,85,227,85,20201016000000,
733460,First Feudal,555,75,236,72,20210408000000,20171130000000
640150,Tale of Toast,762,51,542,48,20180223000000,
636100,Tesla vs Lovecraft,828,89,667,91,20180126000000,
1451080,DUNGEON ENCOUNTERS,449,69,325,75,20211014000000,
377330,Close Your Eyes [Old Version],773,86,542,86,20150831000000,
1759380,Bandle Tale: A League of Legends Story,1042,78,656,78,20240221000000,
1241520,The Horrorscope,1080,94,995,94,20200309000000,
2088570,Tiny Rogues,9280,96,7309,96,20220923000000,20220923000000
24400,King Arthur - The Role-playing Wargame,432,67,386,68,20091124000000,
863570,Super Seducer 2 - Advanced Seduction Tactics,1551,82,558,85,20180913000000,
211580,Wanderlust: Rebirth,258,51,390,50,20110614000000,
2095300,Breakout 13,6653,87,259,86,20230108000000,
39500,Gothic 3,8337,79,2375,71,20061013000000,
712190,Genesis Alpha One Deluxe Edition,1467,73,1439,64,20200225000000,
263200,Signs of Life,691,76,571,76,20140127000000,
871100,Animyst,437,85,383,86,20180702000000,
271760,Dungeon Lords Steam Edition,544,77,469,77,20050501000000,
623310,Arcfall,349,55,226,57,20170516000000,
848030,Roundguard,434,81,405,80,20200313000000,
223330,Sea Dogs: To Each His Own,1900,71,462,58,20160212000000,
1123050,GRIME,3984,86,2801,88,20210802000000,
305960,Dragon: The Game,656,28,665,29,20141107000000,
314830,Blackguards 2,848,64,464,65,20150120000000,
270270,Frozen State,513,62,289,58,20160805000000,
1159420,Robin Hood - Sherwood Builders,852,68,426,68,20240229000000,
1350840,Song Of The Prairie,1218,78,481,79,20240731000000,20230406000000
246760,Legends of Eisenwald,1364,76,667,65,20150702000000,
1076750,Dream Engines: Nomad Cities,508,74,266,76,20240509000000,20210714000000
924070,Arboria,526,78,552,76,20210909000000,20200507000000
109600,Neverwinter,38577,77,18392,74,20131205000000,
2085360,Insomnia: Theater in the Head,2410,97,283,96,20221215000000,
664000,HammerHelm,322,77,264,80,20210429000000,20170727000000
1224700,Kingpin: Reloaded,337,36,229,35,20231205000000,
225360,DARK,710,54,633,47,20130703000000,
2010030,Denizen,687,76,357,79,20240429000000,20240429000000
310890,Breach & Clear: Deadline Rebirth (2016),708,53,531,53,20150720000000,
903950,Last Oasis,20352,63,12943,67,20200326000000,20200326000000
380750,Anima: Gate of Memories,559,69,303,66,20160602000000,
618850,Pumpkin Days,452,82,342,80,20210201000000,20190731000000
311290,SpellForce 3 Reforced,5520,76,3351,75,20171207000000,
278620,TinyKeep,254,66,303,64,20140929000000,
204360,Castle Crashers,96472,96,53005,96,20120926000000,
1398390,SPACE / MECH / PILOT,447,84,352,84,20201013000000,
574050,DRAGON QUEST HEROES II,659,69,474,69,20170425000000,
1133760,CHRONO CROSS: THE RADICAL DREAMERS EDITION,1868,62,1484,60,20220407000000,
256030,Shadows: Heretic Kingdoms,285,57,205,55,20141120000000,
264280,99 Levels To Hell,335,59,340,52,20140219000000,
1824580,Dungeon Drafters,518,76,399,75,20230427000000,
307290,Velvet Sundown,1768,60,1528,61,20140722000000,
224440,Folk Tale,2814,36,2344,36,,
402310,Overfall,347,76,560,46,20160301000000,
987230,Shadow Legend VR,497,78,364,74,20190307000000,
813630,Supraland,10381,96,6135,94,20190405000000,
892510,Slay Together,526,68,280,67,20190131000000,20190131000000
41900,The Bard's Tale ARPG: Remastered and Resnarkled,915,77,973,73,20050617000000,
237890,Agarest: Generations of War,1646,71,1336,68,20140204000000,
452230,Spellstone,455,63,205,59,20161114000000,
1097530,Mortal Glory,542,86,348,89,20200129000000,
20510,S.T.A.L.K.E.R.: Clear Sky,17347,85,6381,80,20080915000000,
394450,"Warhammer 40,000: Deathwatch - Enhanced Edition",847,69,488,67,20151016000000,
666020,Shark Dating Simulator XL+,647,88,802,87,20170814000000,
407560,Killing Room,1240,71,688,64,20161020000000,
1832640,Mirror 2: Project X,112347,24,2612,47,20220120000000,20220120000000
251950,WWII Online,3713,50,2004,49,20230706000000,20170905000000
949200,Ambition: A Minuet in Power,298,83,339,84,20210818000000,
361800,Tree of Life,6691,65,2311,62,20170817000000,
1334700,tomorrow won't come for those without ██████,850,94,328,96,20200523000000,
760650,Hammerting,1690,58,1526,53,20211116000000,20201027000000
352220,King of Dragon Pass,379,79,409,79,20150728000000,
250580,Paranautical Activity: Deluxe Atonement Edition,584,70,1095,67,20130214000000,
2068280,Nordic Ashes: Survivors of Ragnarok,5805,88,1831,89,20240426000000,20221215000000
566860,VR Dungeon Knight,1333,75,1205,74,20170424000000,
1981820,Strike Force Heroes,3482,80,1356,89,20231110000000,
1379020,The Horrorscope: Fatal Awakening,408,92,382,93,20200824000000,
346750,Merchant,573,77,379,73,20150101000000,
376570,WildStar,126,65,3523,80,20140603000000,
1277920,The Blocky Ages,1239,50,1019,51,20230501000000,20200425000000
390100,9Dragons,535,67,356,62,20170214000000,
686440,Hard Time,279,88,230,90,20131001000000,
290890,You Must Build A Boat,809,81,717,81,20150604000000,
365590,Tom Clancy’s The Division,73484,71,31129,71,20160308000000,
295850,Vlad the Impaler,417,73,311,68,20140717000000,
1206600,Almighty: Kill Your Gods,314,63,316,61,20210506000000,
409000,Mystery Chronicle: One Way Heroics,392,60,229,62,20160912000000,
226740,Monster Loves You!,807,78,1022,78,20130318000000,
2561580,Horizon Zero Dawn Remastered,3198,80,1818,81,20241031000000,
1173220,Bleak Faith: Forsaken,2442,74,1787,74,20230310000000,
494840,UBOAT,22077,83,10712,85,20240802000000,20190430000000
629910,Clicker Heroes 2,2817,53,1560,53,20180716000000,
943260,Stranded Sails - Explorers of the Cursed Islands,748,72,503,78,20191017000000,
1128000,Cube World,9770,43,11489,32,20190930000000,
2118810,Breachway,934,75,683,81,20240926000000,
1373550,BloodRayne 2: Terminal Cut,804,79,445,76,20201120000000,
375460,16bit Trader,528,41,993,50,20150604000000,
617850,Jaws Of Extinction,275,55,228,58,20190523000000,20190523000000
757310,Sable,4672,87,4172,86,20210923000000,
1713810,Lumencraft,1000,76,594,76,20230228000000,20220413000000
522570,The Last Hope,248,44,382,43,20160829000000,
1519310,AI Dungeon—Traveler Edition,800,51,562,49,20210115000000,
251570,7 Days to Die,252771,88,169358,87,20240725000000,20131213000000
248630,Kingdoms Rise,1047,41,761,39,20131118000000,
578900,Demonheart,681,91,478,91,20170324000000,
1362420,Siege Survival: Gloria Victis Prologue,970,87,248,86,20200819000000,
1549550,Haven Park,764,95,608,94,20210805000000,
943150,Nostos,894,44,569,40,20191206000000,
427030,Xuan-Yuan Sword: The Gate of Firmament,1248,71,202,82,20160225000000,
328220,Wild Season,182,24,305,31,20151207000000,
1777620,Soul Hackers 2,2074,65,1568,75,20220825000000,
339280,Strife,4872,76,2381,72,20150522000000,
1282730,Loop Hero,32074,92,16531,91,20210304000000,
32800,Lord of the Rings: War in the North,9350,81,4293,77,20111101000000,
1070860,Serin Fate,441,73,450,73,20210825000000,20200310000000
1543030,Sword and Fairy 7,14906,72,931,88,20211021000000,
710470,Little Witch Academia: Chamber of Time,1065,77,425,74,20180515000000,
1181830,Urtuk: The Desolation,2231,88,1132,88,20210227000000,20200214000000
576770,Low Magic Age,3035,89,1115,87,20170110000000,
588430,Fallout Shelter,74242,88,29505,86,20170329000000,
236150,Starpoint Gemini 2,2992,69,2839,71,20140926000000,
395620,Ittle Dew 2+,292,89,307,84,20161115000000,
1930,Two Worlds Epic Edition,2485,77,2327,73,20090430000000,
300970,Fiesta Online NA,764,61,630,59,20080201000000,
269690,RymdResa,224,70,228,73,20150820000000,
492150,RPG World - Action RPG Maker,544,70,354,68,20200717000000,
336130,Shardlight,648,89,579,89,20160308000000,
307070,Memories of a Vagabond,59,76,395,73,20140707000000,
480640,Pathfinder Adventures,636,68,563,58,20170615000000,
391260,Labyronia RPG,1097,73,585,71,20150814000000,
919360,Alaloth: Champions of The Four Kingdoms,1312,72,905,70,20241121000000,20220630000000
319570,Heroes of SoulCraft - Arcade MOBA,483,40,215,33,20150702000000,
268420,Aura Kingdom,8562,77,5311,75,20140704000000,
1983990,Nexus 5X,809,91,722,92,20240418000000,20231212000000
307010,Northmark: Hour of the Wolf,140,86,236,80,20140802000000,
1329510,Big Farm Story,1111,78,619,77,20210802000000,20200820000000
237550,Realms of Arkania: Blade of Destiny,280,53,208,41,20130729000000,
219760,Beyond Divinity,622,50,289,46,20040427000000,
1238000,Mass Effect: Andromeda Deluxe Edition,14578,74,9859,73,20170320000000,
344760,Reign Of Kings,11918,56,9629,53,20151215000000,
280600,BloodLust Shadowhunter,330,79,274,83,20150921000000,
943140,Sparklite,417,77,337,78,20191114000000,
1307550,Craftopia,17083,78,8248,80,20200904000000,20200904000000
1022980,Ostranauts,1791,79,1672,78,20200910000000,20200910000000
1232420,Atlantica Global,960,64,312,53,20200514000000,
1048830,Horse Riding Tales,548,58,342,54,20190412000000,
1361680,cyberpunkdreams,987,76,892,75,20210514000000,
65800,Dungeon Defenders,11432,93,13195,92,20111018000000,
274620,Skara - The Blade Remains,69,60,317,58,20170203000000,
1229900,ARIA CHRONICLE,1095,79,215,86,20200712000000,
384030,Florensia,757,69,252,57,20161129000000,
1312960,Epic Chef,458,77,313,76,20211111000000,
1687000,Fading Afternoon,829,81,222,89,20230914000000,
265990,Rogue's Tale,615,73,522,66,20140328000000,
2000270,Dual Universe,528,51,339,50,20220927000000,
215930,Jagged Alliance 2 - Wildfire,1263,79,568,69,20040308000000,
366440,Savage Resurrection,848,51,994,53,20160818000000,
1226470,Shadow Arena,5484,55,1350,52,20200522000000,
1028590,The WILDS,461,77,377,77,20220215000000,20220215000000
1185560,Astellia,1623,66,592,62,20200130000000,
99100,Dungeons and Dragons: Daggerdale,248,32,393,29,20110624000000,
1125710,Gatewalkers,301,68,212,67,20230112000000,
530020,World to the West,181,79,214,71,20170505000000,
1930600,Beautiful Mystic Survivors,1176,71,315,81,20221014000000,20221014000000
1597310,Airship: Kingdoms Adrift,717,73,412,73,20230921000000,
662960,Mysteria ~Occult Shadows~,3128,65,299,64,20200929000000,20190822000000
1160750,Grim Clicker,2771,78,1456,75,20240130000000,20200109000000
730050,Verdant Skies,354,79,366,79,20180212000000,
1053710,The Red Lantern,704,84,769,85,20211208000000,
428750,Neon Chrome,527,93,879,92,20160428000000,
703280,Zeal,431,70,298,70,20180924000000,
313340,Mountain,12883,88,6273,83,20140701000000,
12770,Rise of the Argonauts,792,72,405,68,20081216000000,
2388460,Pathfinder: Gallowspire Survivors,542,59,414,60,20240404000000,20230914000000
383580,Flesh Eaters,857,74,665,70,20160503000000,
332070,School of Dragons,5562,61,2945,61,20141204000000,
2632930,Life Eater,242,88,241,87,20240416000000,
1522660,Introvert: A Teenager Simulator,859,72,671,70,20210302000000,
1782670,Tru Or Die,308,52,340,52,20231211000000,
972010,Raiders! Forsaken Earth,247,78,220,81,20201110000000,
1482380,Maniac,1411,91,1033,92,20240328000000,
768520,Red Solstice 2: Survivors,2525,70,1461,75,20210617000000,
1790370,Rogue AI Simulator,335,84,204,79,20230111000000,
882250,Metro Sim Hustle,318,77,267,78,20210724000000,20190531000000
1436590,Phoenotopia: Awakening,2377,83,751,83,20210121000000,
867290,Crossroads Inn Anniversary Edition,3528,55,2157,53,20191023000000,
871980,Digimon Survive,2773,79,1845,82,20220728000000,
2086430,NIMRODS,1221,84,913,88,20241028000000,20241028000000
202710,Demigod,956,75,750,73,20111214000000,
201480,Serious Sam: The Random Encounter,641,49,402,44,20111024000000,
1101910,Warriors: Rise to Glory! Online Multiplayer Open Beta,0,0,331,87,20210128000000,20210128000000
1983260,Dungeons of Hinterberg,1633,94,1272,95,20240718000000,
1266220,Death end re;Quest 2,313,66,211,69,20200818000000,
1175830,Legend of Mana,1022,78,647,77,20210624000000,
7520,Two Worlds II HD,3768,60,3239,54,20110203000000,
1857090,Norland,6516,80,2382,83,20240718000000,20240718000000
449300,Planar Conquest,352,53,350,61,20160530000000,
2596420,Arranger: A Role-Puzzling Adventure,240,92,205,94,20240725000000,
2193540,Wizard of Legend 2,1198,65,770,70,20241003000000,20241003000000
1379560,Steven Universe: Unleash the Light,777,96,251,94,20210219000000,
238280,Legend of Dungeon,1210,72,1192,73,20130913000000,
1371630,Incremental Adventures,774,78,641,77,20200811000000,
878380,Touhou Big Big Battle,4012,80,383,77,20200414000000,
1394130,Breach Wanderers,349,88,277,89,20230609000000,20210604000000
264140,Pixel Piracy,5714,65,5197,62,20150423000000,
465200,Fury Unleashed,1794,87,967,89,20200508000000,
1532510,Purrfect Apawcalypse: Love at Furst Bite,710,99,543,98,20210216000000,
609150,STAR OCEAN - THE LAST HOPE - 4K & Full HD Remaster,1444,70,1009,70,20171128000000,
978520,Legend of Keepers: Career of a Dungeon Manager,3800,79,1903,74,20210429000000,20200319000000
366640,Shiness: The Lightning Kingdom,276,67,272,50,20170418000000,
2529170,Storage Hustle,1308,72,518,71,20231108000000,20231108000000
711810,Never Split the Party,4354,76,1852,72,20180914000000,
1816300,HARVESTELLA,1860,77,1557,78,20221104000000,
1024480,Immortal Realms: Vampire Wars,395,61,253,62,20200828000000,
1135260,The Falconeer,324,79,307,81,20201110000000,
1573280,WW2 Rebuilder,1219,86,658,86,20230116000000,
796860,Police Enforcement VR : 1-King-27,301,32,300,31,20180608000000,
707010,Will To Live Online,17567,69,3907,66,20180405000000,
440880,The Count Lucanor,2177,93,831,91,20160303000000,
606500,HellSign,2063,68,1213,66,20210224000000,20181109000000
919370,Overdungeon,2824,79,311,78,20190823000000,20181120000000
457590,Luna Online: Reborn,424,60,226,52,20160401000000,
2510960,Temtem: Swarm,1521,80,809,80,20241113000000,20241113000000
461430,EmergeNYC,3600,65,3517,64,20161103000000,
1904860,Legends of Kingdom Rush,1323,65,427,71,20220714000000,
1232580,Knock on the Coffin Lid,2399,84,1222,83,20240808000000,20200408000000
867210,Songs of Conquest,10406,86,5722,85,20240520000000,20220510000000
373720,Ryzom,502,70,313,66,20160506000000,
990050,Death end re;Quest,987,78,572,75,20190516000000,
1069690,Rogue Lords,1345,72,793,68,20210930000000,
24480,King Arthur II: The Role-Playing Wargame,315,56,291,54,20120127000000,
2132850,Rabbit and Steel,7694,97,6375,98,20240509000000,
305640,Shattered Planet,386,68,406,66,20140703000000,
1075740,Banners of Ruin,2189,79,1682,79,20210729000000,20200730000000
63910,King's Bounty: Crossworlds,1186,91,512,91,20100917000000,
1316230,Force of Nature 2: Ghost Keeper,1924,80,682,73,20210527000000,
1520470,封灵档案,26674,82,446,49,20210329000000,
1171690,Wayfinder,23243,58,14358,68,20241021000000,20230817000000
297000,Heroes of Might & Magic III - HD Edition,18215,79,7442,76,20150129000000,
1222690,Dragon Age Inquisition,17390,75,11008,75,20141118000000,
46260,Star Wolves 3: Civil War,505,83,216,73,20100302000000,
594770,Legends of Aria,1632,55,1099,52,20200708000000,20190806000000
299600,Dragon Fin Soup,147,59,206,52,20151103000000,
276810,Mordheim: City of the Damned,6727,72,5348,68,20151119000000,
1253950,Dreamscaper: Prologue,1943,89,572,94,20200408000000,
531660,Exoplanet: First Contact,221,75,232,73,20161209000000,
950670,Gothic Playable Teaser,10164,71,4467,57,20191213000000,
603020,Skautfold: Usurper,294,70,230,72,20180220000000,
409710,BioShock Remastered,46682,82,29595,80,20160916000000,
2311990,Rack and Slay,448,91,390,92,20240527000000,
871420,Lovecraft's Untold Stories,650,78,457,68,20190131000000,
834910,ATLAS,36780,46,22760,48,20181222000000,20181222000000
1152340,Book of Travels,1482,79,1550,78,20211011000000,20211011000000
378760,Pixel Starships,2734,73,1245,74,20230523000000,20200501000000
338390,The Technomancer,2159,68,1894,68,20160628000000,
65610,ArcaniA: Fall of Setarrif,675,41,234,45,20111024000000,
437250,A House of Many Doors,375,84,387,83,20170203000000,
441790,Fragmented,1577,40,718,35,20170815000000,
102200,Runespell: Overture,204,75,282,75,20110720000000,
1726190,No Straight Roads: Encore Edition,1504,91,1030,91,20211021000000,
2236300,Grand Emprise: Time Travel Survival,751,71,365,66,20230727000000,
403940,Dungelot: Shattered Lands,277,70,272,68,20160218000000,
254370,Aquanox Deep Descent,421,48,265,48,20201016000000,
2293680,Crestfallen: Medieval Survival,407,65,360,65,20240717000000,20240717000000
904380,Vambrace: Cold Soul,655,65,289,62,20190528000000,
325090,Deep Dungeons of Doom,245,89,503,73,20141014000000,
2562730,Samawa Idle,522,67,367,67,20231113000000,
692840,Underworld Ascendant,679,41,786,32,20181115000000,
1095040,Unexplored 2: The Wayfarer's Legacy,259,77,290,76,20220527000000,
626690,Sword Art Online: Fatal Bullet,15203,79,5980,82,20180223000000,
591960,Animation Throwdown: The Quest for Cards,3980,74,2317,72,20170505000000,
1621690,Core Keeper,41564,92,26642,94,20240827000000,20220308000000
2491640,SNAKE FARM,347,95,377,96,20230905000000,
320040,Moon Hunters,3812,79,2479,75,20160310000000,
881100,Noita,71793,95,46832,95,20201015000000,20190924000000
1589120,Above Snakes,1369,75,678,78,20230525000000,
369110,The Swindle,485,63,504,62,20150728000000,
286200,ReignMaker,50,82,252,63,20140416000000,
400450,NeuroVoider,458,78,544,75,20160831000000,
264240,CONSORTIUM,1513,71,1106,73,20140108000000,
1043340,No Time,1619,97,1445,97,20190414000000,20190414000000
805940,RUSSIA BATTLEGROUNDS,3752,77,1185,80,20180713000000,
1110910,Mortal Shell,7581,69,3627,71,20210818000000,
289520,King's Bounty: Dark Side,1274,72,530,63,20140819000000,
65600,Gothic 3: Forsaken Gods Enhanced Edition,914,47,301,41,20110322000000,
1970580,Backpack Hero,6811,86,4433,89,20231114000000,20220815000000
405370,Sky Break,546,66,307,62,20161021000000,
1127610,Iris and the Giant,655,88,503,87,20200227000000,
234330,MARVEL Puzzle Quest,4387,69,2667,64,20131205000000,
363490,Escape Machines,400,41,307,33,20150414000000,
33670,Disciples III - Renaissance Steam Special Edition,343,55,285,45,20100713000000,
280520,Crea,1077,73,998,77,20160609000000,
340320,Sinless + OST,166,80,249,82,20151216000000,
1465550,One Lonely Outpost,482,63,493,63,20250306000000,20230626000000
595770,AirMech Wastelands,268,69,258,67,20180706000000,
263540,Villagers and Heroes,3360,61,1712,58,20140417000000,
262280,Dungeons 2,2235,78,2308,77,20150424000000,
226700,Infestation: Survivor Stories 2020,25417,41,11011,32,,
1740300,Smushi Come Home,1610,99,1926,99,20230610000000,
607890,Sword Art Online: Hollow Realization Deluxe Edition,5660,78,1789,74,20171027000000,
325730,The Hive,277,70,273,70,20160825000000,
1055990,Erannorth Reborn,374,84,298,83,20191017000000,20190415000000
1924430,Cookie Cutter: Overkill Edition,716,81,705,78,20231214000000,
671610,Warfork,2227,89,1444,89,20190816000000,20190816000000
293540,Guns and Robots,1691,65,765,58,20140804000000,
1552080,Deepest Chamber: Resurrection,377,79,302,81,20231024000000,20210722000000
300220,Victim of Xen,50,56,208,59,20140521000000,
434420,The Chosen RPG,1050,70,585,65,20160204000000,
1695670,ScrewUp,259,69,207,67,20210729000000,
386260,Microcosmum: survival of cells,1083,80,516,79,20180724000000,
427950,The Withering,348,47,240,50,20151218000000,
1206480,Swordsman VR,609,69,498,68,20200925000000,
402160,Star Command Galaxies,333,44,381,44,20240828000000,20150917000000
286160,Tabletop Simulator,42272,96,44969,96,20150605000000,
1397920,Mr.Mine,17199,91,6503,89,20200930000000,
228260,Fallen Enchantress: Legendary Heroes,1607,78,1887,74,20130522000000,
671510,DESOLATE,6124,68,3023,63,20190117000000,
371140,Aegis Defenders,153,77,805,73,20180208000000,
329970,KeeperRL,1532,84,1373,83,20240229000000,20150331000000
926540,Prime & Load : 1776,313,77,281,70,20200425000000,20200425000000
221020,Towns,2379,27,2421,24,20121107000000,
681730,Nowhere Prophet,688,78,768,71,20190719000000,
289890,"7,62 High Calibre",329,79,208,72,20070824000000,
7510,X-Blades,1017,59,1376,52,20090210000000,
869760,Stoneshard: Prologue,3587,86,1429,82,20180605000000,
1621990,Stray Blade,275,69,240,77,20230420000000,
1128920,EVERSPACE 2,10696,86,7053,88,20230406000000,20210118000000
839770,Phoenix Point,4687,72,3776,70,20201203000000,
299540,Heroes Rise: The Prodigy,384,79,361,78,20120713000000,
1295900,Draconia,707,67,713,65,20220113000000,20220113000000
57650,Dungeons,660,44,551,42,20110210000000,
326360,Warspear Online,2834,72,357,59,20171102000000,
346420,The Spatials,255,67,238,69,20150330000000,
787810,Rogue Heroes: Ruins of Tasos,2528,77,1903,80,20210223000000,
681660,Bless Online,9868,37,6053,34,20181023000000,
1702010,Sengoku Dynasty,5170,73,2388,76,20241107000000,20230810000000
407530,ARK: Survival Of The Fittest,4519,72,5659,65,20170829000000,
1183800,Shardpunk,647,94,560,94,20230413000000,
1552620,Expedition Agartha,1694,64,993,67,20230921000000,20220818000000
1776380,STAR OCEAN THE DIVINE FORCE,1585,67,1195,71,20221027000000,
2420,The Ship: Single Player,389,68,598,67,20061120000000,
39550,SpellForce 2 - Anniversary Edition,949,74,451,64,,
585900,Harvest Moon: Light of Hope Special Edition,962,76,834,76,20171114000000,
1712840,Tiny Tina's Assault on Dragon Keep: A Wonderlands One-shot Adventure,404,68,1369,64,20211109000000,
398000,Twinsen's Little Big Adventure 2 Classic,769,98,357,97,19970531000000,
297470,Xsyon - Prelude,307,69,302,73,20141229000000,
402560,Tabletopia,1590,62,1023,61,20161130000000,
247000,Talisman: Digital Edition,5382,80,5928,75,20140225000000,
236370,Interstellar Marines,4258,52,5727,53,20130702000000,
241620,Inquisitor,425,71,409,65,20120905000000,
811320,Jupiter Hell,1642,91,1686,92,20210805000000,20190801000000
1702330,Rune Factory 5,1704,77,1076,78,20220713000000,
1209410,King of Seas,577,57,322,58,20210525000000,
347940,Forsaken Isle,402,66,328,69,20150206000000,
11190,Sherlock Holmes versus Jack the Ripper,1053,80,570,77,20091223000000,
2202770,Pizza Hero,24,95,487,88,20240627000000,
423620,HERO DEFENSE,467,67,409,61,20160531000000,
1008710,Wet Girl,2731,79,949,78,20190130000000,
263360,3089 -- Futuristic Action RPG,308,77,435,71,20140110000000,
999020,Mega Man Zero/ZX Legacy Collection,2004,75,1279,78,20200226000000,
788100,Neon Abyss,19316,86,4145,86,20200714000000,20190316000000
315460,Dig or Die,3774,90,2196,91,20180710000000,
259130,Wasteland 1 - The Original Classic,271,80,363,79,19880501000000,
211420,DARK SOULS: Prepare To Die Edition,78141,91,46381,90,20120824000000,
1448440,Wo Long: Fallen Dynasty,19934,48,4338,70,20230303000000,
2891310,Genome Guardian,593,94,588,94,20240507000000,
2739830,King Arthur: Legion IX,613,73,297,71,20240509000000,
638160,Moero Chronicle,481,72,220,65,20170816000000,
287920,Mortal Online,2956,52,2109,52,20150831000000,
265300,Lords Of The Fallen 2014,12768,58,7391,52,20141028000000,
1457150,Leafling,617,70,457,69,20201215000000,20201215000000
2810780,Forsaken Frontiers,242,83,254,81,20250525000000,20241021000000
399790,Destiny Warriors RPG,973,50,479,38,20150911000000,
1263070,Blightbound,946,63,674,61,20210727000000,20200729000000
223490,Blockscape,725,43,585,46,20140704000000,
280790,Creativerse,2583,78,14558,74,20170508000000,
1218740,Rakion Chaos Force,3486,62,823,60,20200324000000,
1402110,Eternights,2481,86,1460,90,20230911000000,
550470,NosTale - Anime MMORPG,3430,70,652,62,20170918000000,
504300,Gangs of Space,424,75,241,72,20170810000000,
621070,Legends of Ellaria,741,56,658,57,20210401000000,20170728000000
263380,Driftmoon,90,88,201,90,20140103000000,
489560,Astroflux,333,72,224,66,20160927000000,
606230,Thea 2: The Shattering,1834,79,1367,79,20190513000000,20181130000000
1233260,FAIRY TAIL,1454,74,895,72,20200729000000,
649600,Swords and Sandals 2 Redux,515,78,286,70,20170629000000,
1252710,Cardaclysm,399,63,224,66,20210226000000,20200729000000
1358710,Battle Cry of Freedom,2007,71,1626,72,20220301000000,
223430,Miner Wars 2081,226,34,299,31,20121128000000,
237430,Expeditions: Conquistador,1164,76,940,79,20130530000000,
294020,Merchants of Kaidan,228,60,593,81,20141110000000,
277930,TUG,990,33,823,32,20140328000000,
340830,Razenroth,535,80,235,77,20150828000000,
824550,SD GUNDAM BATTLE ALLIANCE,4695,62,1291,79,20220824000000,
1265780,The Lord of the Rings: Gollum,686,41,557,40,20230525000000,
447120,Where the Water Tastes Like Wine,1330,77,809,73,20180228000000,
1380910,Stardeus,1267,87,1012,89,20221012000000,20221012000000
1133730,Second Galaxy,1191,52,434,44,20190911000000,
1026680,FINAL FANTASY VIII - REMASTERED,3957,73,2662,72,20190903000000,
258010,Ring Runner: Flight of the Sages,571,84,641,84,20130709000000,
304950,Castaway Paradise - live among the animals,451,71,478,68,20150519000000,
1189630,Path Of Wuxia,28101,78,696,87,20221114000000,20200430000000
1125510,Snacko,437,98,485,98,20250525000000,20231206000000
1271280,Rift Wizard,965,92,921,92,20210901000000,20200706000000
966430,Neverinth,907,70,325,60,20200617000000,20190430000000
914170,Duck Life 7: Battle,325,76,252,79,20180813000000,
2399830,ARK: Survival Ascended,68897,59,45331,58,20231025000000,20231025000000
534380,Dying Light 2 Stay Human: Reloaded Edition,145747,79,79486,77,20220203000000,
717310,Aggelos,482,77,328,74,20180619000000,
289780,Requiem: Rise of the Reaver,903,67,397,55,20080619000000,
698640,Deep Sky Derelicts,1839,74,1583,73,20180926000000,
951430,Dead Age 2: The Zombie Survival RPG,1080,75,473,79,20210312000000,20200716000000
34270,SEGA Mega Drive and Genesis Classics,11795,80,6958,77,20100601000000,
1500820,Caravaneer 2,473,94,278,94,20141207000000,
446790,Diluvion: Resubmerged,1005,61,567,63,20170202000000,
208730,Game of Thrones,1366,73,1323,68,20120607000000,
312200,Chasm,1251,74,1586,69,20180731000000,
409890,Stranger of Sword City,535,66,309,68,20160606000000,
10270,Disciples III: Reincarnation,1200,69,454,58,20140214000000,
256010,Jagged Alliance Flashback,425,37,449,48,20141021000000,
2254740,Persona 5 Tactica,1254,74,782,81,20231116000000,
411300,ELEX,12024,72,7219,68,20171017000000,
311260,The Guild 3,6706,61,2746,60,20220614000000,20170926000000
1135300,King's Bounty II,4296,62,1337,55,20210824000000,
2498570,Canvas of Kings,507,94,356,94,20230803000000,20230803000000
553480,The Pirate's Fate,260,87,293,90,20180327000000,
1550010,The Witch of Fern Island,614,69,529,67,20240227000000,20230501000000
23310,The Last Remnant,2755,81,2583,78,20090409000000,
1902710,Weird RPG,3849,92,328,86,20220930000000,
326950,Sword of Asumi,155,77,240,66,20150108000000,
538030,Xenonauts 2,2476,80,1767,81,20230718000000,20230718000000
1452500,The Good Life,177,76,211,77,20211015000000,
444220,Asteroid Bounty Hunter,228,62,341,62,20160217000000,
345820,Shantae and the Pirate's Curse,1701,94,1766,92,20150423000000,
262960,Castle In The Darkness,1152,76,862,74,20150205000000,
732240,SpaceBourne,735,76,534,73,20181005000000,
252470,Space Pirates And Zombies 2,2697,78,2104,78,20171107000000,
606280,Darksiders III,10613,76,5864,76,20181127000000,
513560,Hunger Dungeon,2279,72,821,60,20161206000000,
416000,Orange Season,355,61,270,58,20241024000000,20170421000000
269110,Super Motherload,729,76,739,76,20131115000000,
1611910,"Warhammer 40,000: Chaos Gate - Daemonhunters",10066,77,8507,78,20220505000000,
293480,FRONTIERS,108,35,269,24,20200101000000,
335820,Dream Of Mirror Online,550,58,407,63,20150814000000,
744900,Dead Frontier 2,26798,70,10591,70,20190715000000,
1677350,EA SPORTS PGA TOUR,1740,55,1960,52,20230406000000,
1867510,WrestleQuest,443,78,461,78,20230821000000,
1320100,Wanted Raccoon,583,74,469,75,20210319000000,20210319000000
1153700,Eternal Magic,684,67,318,61,20200417000000,
1152090,Elmarion: Dragon time,520,74,234,64,20200312000000,20200312000000
334420,Out There: Ω Edition,1329,75,755,66,20150402000000,
823950,Re:Legend,1499,57,1314,53,20190830000000,20190830000000
402120,Deathstate: Abyssal Edition,284,84,291,87,20151019000000,
896440,Eternal Edge +,529,71,314,65,20220507000000,
270050,Quest of Dungeons,470,78,487,72,20140325000000,
337950,The SKIES - BETA,3943,41,1822,35,20160416000000,
1016770,Interrogation: You will be deceived,295,78,273,78,20191205000000,
718650,Driftland: The Magic Revival,1385,73,1044,69,20190418000000,
593600,PixARK,10267,73,3893,67,20190531000000,
551860,Abandon Ship,1085,71,760,73,20191022000000,
600610,The Hand of Merlin,293,70,256,72,20220614000000,20210511000000
1409830,Sons of Valhalla,684,67,280,67,20240405000000,
527270,Atelier Sophie: The Alchemist of the Mysterious Book,1825,86,681,88,20170207000000,
338320,Pixel Heroes: Byte & Magic,298,78,335,69,20150206000000,
1276810,The Outbound Ghost,222,68,258,68,20220920000000,
412310,Labyrinth,272,66,212,66,20160307000000,
702320,March of Empires,1681,64,622,60,20171211000000,
462440,ROKH,440,37,256,37,20170516000000,
715310,Urban Rivals,643,66,217,60,20060117000000,
225640,Sacred 2 Gold,2450,77,1578,72,20121221000000,
2184150,Dead Matter,316,31,585,21,20230915000000,20230915000000
1180380,Stay Out,25853,65,7050,55,20191127000000,20191127000000
1108590,Eldest Souls,2674,77,1381,71,20210729000000,
315860,Celestian Tales: Old North,345,69,342,70,20150810000000,
418180,Tempest: Pirate Action RPG,1730,70,1066,63,20160822000000,
1870320,World Seed,334,74,287,73,20220517000000,20220228000000
324260,VoidExpanse,559,68,502,75,20150402000000,
442500,Age of Gladiators,687,78,497,76,20160225000000,
917150,Godhood,947,70,783,74,20200811000000,20190710000000
1045180,Shattered - Tale of the Forgotten King,549,68,403,65,20210217000000,20190604000000
258200,Talisman: Prologue,364,56,225,51,20131014000000,
500710,Wild Terra Online,1805,60,462,50,20171218000000,
1341490,Hellsweeper VR,424,84,386,83,20230921000000,
364640,FreeCell Quest,270,80,337,67,20151019000000,
1928980,Nightingale,13994,67,10762,72,20240220000000,20240220000000
590380,Into the Breach,17045,94,13717,94,20180227000000,
773951,Freeman: Guerrilla Warfare,11279,67,5535,61,20180201000000,
821290,RUNE II: Decapitation Edition,429,52,248,54,20201113000000,
326160,Shroud of the Avatar: Forsaken Virtues,3111,53,2297,52,20180327000000,
399810,Call of Cthulhu,9589,79,5797,76,20181029000000,
1361400,Moonglow Bay,515,68,396,69,20211026000000,
900040,ELEX II,3652,74,2121,68,20220301000000,
250680,BELOW,1249,70,862,69,20181214000000,
1159690,Voidtrain,5284,74,3303,75,20230509000000,20230509000000
1437400,Salt and Sacrifice,1390,62,600,70,20231106000000,
979110,Space Haven,8306,86,5262,85,20200521000000,20200521000000
1494260,Loot River,321,70,277,67,20220504000000,
552110,Puzzle Pirates: Dark Seas,519,74,437,73,20180706000000,
611790,House Party,13566,86,6900,88,20220715000000,20170630000000
2527500,MiSide,96883,98,23402,98,20241210000000,
1374930,Black Geyser: Couriers of Darkness,788,73,583,73,20220317000000,20210826000000
252690,Fantasy Grounds Classic,988,77,1013,78,20140509000000,
1065310,Evil West,7996,74,5008,75,20221122000000,
1082180,TT Isle of Man: Ride on the Edge 2,834,84,625,81,20200319000000,
403740,GabeN: The Final Decision,98,63,323,58,20150917000000,
1399080,The DioField Chronicle,632,49,369,59,20220922000000,
272270,Torment: Tides of Numenera,1969,72,3087,69,20160126000000,
690140,Sword Legacy: Omen,358,68,363,61,20180813000000,
1290330,Time Wasters,2436,89,1411,87,20230925000000,20230310000000
262790,Our Darker Purpose,544,82,531,82,20140129000000,
1419850,Saleblazers,1308,87,1137,89,20230929000000,20230929000000
2523120,King of the Bridge,1028,95,835,95,20240308000000,
9900,Star Trek Online,20140,79,15867,79,20100202000000,
2490990,Visions of Mana,1789,77,1225,82,20240829000000,
224600,Defiance,12640,76,6266,73,20140604000000,
665360,Comedy Night,8018,74,5557,72,20170824000000,
1154850,9th Dawn III,472,87,381,86,20201005000000,
266490,Lili: Child of Geos - Complete Edition,788,85,743,86,20140509000000,
249360,Zafehouse: Diaries,313,66,353,66,20130906000000,
2732100,Medieval Blacksmith,456,83,328,85,20250414000000,20240430000000
628670,Hellpoint,2468,77,2602,73,20200730000000,
1623070,Master of Magic,899,70,805,71,20221213000000,
270170,Depression Quest,3903,61,3438,60,20140811000000,
922320,Sniper 3D Assassin: Free to Play,1664,64,762,63,20180919000000,
1230530,Atlas Fallen: Reign Of Sand,2210,72,1685,72,20230809000000,
1245540,Touhou Endless Dream,1677,93,235,87,20211101000000,20201016000000
698260,Star Shelter,401,78,370,77,20171012000000,
292120,FINAL FANTASY XIII,14550,74,10274,74,20141009000000,
1231990,Gestalt: Steam & Cinder,1368,79,935,82,20240716000000,
314240,RPG Tycoon,410,50,390,50,20160212000000,
477730,Eador. Imperium,1163,76,530,68,20170127000000,
909510,MISTOVER,1161,51,261,79,20191010000000,20190311000000
270490,The Forest of Doom (Standalone),165,82,202,80,20141030000000,
1762010,Wrought Flesh,722,75,703,75,20211210000000,
248820,Risk of Rain (2013),20552,93,21166,93,20131108000000,
227180,Kingdom Wars,2779,67,1785,67,20130401000000,
493370,Ragnarok Clicker,1138,72,660,71,20160803000000,
369530,Void Destroyer 2,627,80,573,80,20200206000000,
838330,Warlords Awakening,535,71,216,63,20181128000000,
764920,Fear the Night - 恐惧之夜,754,55,349,48,20190717000000,20181211000000
665180,Dark Elf,4904,89,579,74,20170803000000,
1266030,The Pale Beyond,1558,90,1653,88,20230224000000,
318230,Convoy,1105,78,1163,77,20150421000000,
250420,8BitMMO,4329,59,2894,57,20150126000000,
1399780,Spellbreak,14009,86,7291,86,20201215000000,
203350,King's Bounty: Warriors of the North,1139,77,538,77,20121025000000,
1061100,Hunter's Arena: Legends,1290,58,406,61,20200715000000,20200715000000
433320,Marvel: Ultimate Alliance 2,334,53,290,48,20160726000000,
492500,Heroes of the Monkey Tavern,321,74,223,72,20160922000000,
436500,Diaries of a Spaceport Janitor,592,79,781,73,20160916000000,
824070,Objects in Space,531,51,519,50,20180621000000,
625860,God Awe-full Clicker,387,63,227,59,20180919000000,
883860,Cadria Item Shop,1553,72,513,73,20180823000000,
1451090,Tactics Ogre: Reborn,3329,73,2130,78,20221111000000,
1815230,Summum Aeterna,289,86,237,88,20230914000000,20220616000000
467660,Paranormal Activity: The Lost Soul,692,71,564,69,20170816000000,
266170,Windforge,350,70,449,65,20140311000000,
611660,Fallout 4 VR,5275,62,6635,58,20171211000000,
327510,WASTED,614,79,1034,77,20160607000000,
533480,Academagia: The Making of Mages,270,70,255,71,20100813000000,
207430,"Hack, Slash, Loot",306,58,615,50,20120405000000,
660920,The Warhorn,278,53,204,54,20190129000000,20190129000000
2452090,GREED IS GOOD,772,48,340,47,20231105000000,20231105000000
858820,Tribes of Midgard,16901,76,8853,74,20210727000000,
389430,Knight Online,10884,50,1729,35,20160125000000,
239840,Dead State: Reanimated,2052,73,1843,70,20141204000000,
1963370,No One Survived,6272,67,2404,65,20230114000000,20230114000000
232750,Mars: War Logs,2281,74,1580,72,20130426000000,
1292020,Armoured Commander II,487,98,449,98,20210904000000,20200514000000
57740,Jagged Alliance - Back in Action,996,71,843,69,20120208000000,
637670,Secret of Mana,2231,69,1611,70,20180215000000,
359320,Elite Dangerous,76303,76,65230,77,20150402000000,
645730,RESONANCE OF FATE/END OF ETERNITY 4K/HD EDITION,856,79,517,80,20181017000000,
1501750,Lords of the Fallen,28758,66,22147,72,20231013000000,
371570,Tap Heroes,390,67,498,67,20150605000000,
332650,The Exiled,454,48,201,49,20170223000000,
201230,EverQuest II,2701,79,2346,80,20111207000000,
1289640,The Confession,990,95,911,95,20200518000000,
1119840,Sands of Aura,551,77,505,74,20231027000000,20211021000000
774511,Megadimension Neptunia VIIR,777,74,322,62,20181022000000,
264690,Coin Crypt,198,91,450,84,20131118000000,
1168870,Mists of Noyah,568,64,212,53,20220522000000,20200527000000
2218970,Plains of Pain,304,85,215,81,20230217000000,20230217000000
1845910,Dragon Age: The Veilguard,37370,69,28866,69,20241101000000,
1416960,Everafter Falls,351,87,298,89,20240620000000,
821890,Steven Universe: Save the Light,1321,92,614,89,20180813000000,
113420,Fallen Earth Free2Play,7531,59,4626,59,20111012000000,
249230,Risen 3 - Titan Lords,4119,72,1991,68,20140813000000,
259620,3079 -- Block Action RPG,304,52,340,51,20111025000000,
453690,Dark Quest 2,565,83,371,80,20180306000000,
760330,BYTEPATH,287,92,252,91,20180223000000,
1097430,Book of Yog Idle RPG,7364,64,1264,59,20220729000000,20220729000000
1413660,Elderand,466,77,336,72,20230216000000,
501210,Reign of Darkness,285,74,239,74,20191120000000,20191120000000
322300,The Repopulation,1149,51,982,51,20141219000000,
1648190,QANGA,388,75,242,74,20240902000000,20240902000000
442810,UFO Online: Invasion,614,58,200,50,20160608000000,
439190,Stories: The Path of Destinies,1899,86,3129,87,20160412000000,
289600,Marauder,646,73,207,63,20090910000000,
1620340,Wrestling Empire,2552,95,2289,95,20210702000000,
1026420,WARSAW,1326,65,647,63,20191002000000,
1101190,Dungeon Defenders: Awakened,3176,67,3452,66,20200528000000,20200221000000
265970,Worlds of Magic,383,43,367,53,20150319000000,
1275670,Outcore: Desktop Adventure,15136,97,5077,97,20220926000000,
1315200,Kingdom Under Fire: Heroes,440,78,260,75,20200624000000,
1995520,Pax Dei,4252,61,4077,63,20240618000000,20240618000000
743860,Wild West Online,406,35,443,24,20180510000000,
957710,The Waylanders,347,47,286,42,20220202000000,20200616000000
