게임이름,게임순위,총 평가,긍정적인 평가 비율,출시일,앞서 해보기 출시 일자,app_id
Clair Obscur: Expedition 33,1,69362,95,"24 Apr, 2025",,1903340
FANTASY LIFE i: The Girl Who Steals Time,2,4982,92,"21 May, 2025",,2993780
Limbus Company,3,62228,83,"27 Feb, 2023",,1973530
Monster Hunter Wilds,4,132058,62,"28 Feb, 2025",,2246340
Hero's Land,5,43720,55,"18 May, 2023",,2349820
Warframe,6,618962,87,"26 Mar, 2013",,230410
ELDEN RING,7,764562,92,"25 Feb, 2022",,1245620
Metaphor: ReFantazio,8,19616,91,"11 Oct, 2024",,2679460
The First Descendant,9,103188,56,"30 Jun, 2024",,2074920
Last Epoch,10,99037,79,"22 Feb, 2024","1 May, 2019",899770
Enshrouded,11,69554,86,"24 Jan, 2024","24 Jan, 2024",1203620
Baldur's Gate 3,12,669078,96,"4 Aug, 2023","7 Oct, 2020",1086940
Project Zomboid,13,284954,94,"8 Nov, 2013",,108600
Wuthering Waves,14,11436,89,"29 Apr, 2025",,3513350
ELDEN RING NIGHTREIGN,15,0,0,"30 May, 2025",,2622380
Dota 2,16,2496936,81,"10 Jul, 2013",,570
Stardew Valley,17,754870,98,"27 Feb, 2016",,413150
Tom Clancy’s The Division® 2,18,19535,77,"13 Jan, 2023",,2221490
Sultan's Game,19,15113,93,"31 Mar, 2025",,3117820
The First Berserker: Khazan,20,11559,89,"28 Mar, 2025",,2680010
Torchlight: Infinite,21,15430,70,"10 May, 2023","11 Oct, 2022",1974050
Assassin’s Creed Shadows,22,19144,79,"20 Mar, 2025",,3159330
Cyberpunk 2077,23,747402,85,"10 Dec, 2020",,1091500
Tower of Babel: Survivors of Chaos,24,2142,65,"20 May, 2025","20 May, 2025",2665680
REMNANT II®,25,40781,83,"26 Jul, 2023",,1282100
Black Myth: Wukong,26,834285,96,"20 Aug, 2024",,2358720
The Elder Scrolls IV: Oblivion Remastered,27,44172,81,"23 Apr, 2025",,2623190
Kingdom Come: Deliverance II,28,75696,93,"5 Feb, 2025",,1771300
Cyberpunk 2077: Phantom Liberty,29,18516,90,"26 Sep, 2023",,2138330
Snowbreak: Containment Zone,30,7575,77,"25 Dec, 2023",,2668080
Tinkerlands,31,559,83,"24 May, 2025","24 May, 2025",2617700
Crusader Kings III,32,80203,91,"2 Sep, 2020",,1158310
9 Kings,33,2577,93,"23 May, 2025","23 May, 2025",2784470
ELDEN RING Shadow of the Erdtree,34,80604,71,"21 Jun, 2024",,2778580
Albion Online,35,82886,78,"17 Jul, 2017",,761890
Jotunnslayer: Hordes of Hel,36,3734,82,"21 Jan, 2025","21 Jan, 2025",2820820
Diablo® IV,37,36150,71,"18 Oct, 2023",,2344520
DRAGON QUEST III HD-2D Remake,38,2942,71,"15 Nov, 2024",,2701660
"Warhammer 40,000: Rogue Trader",39,21521,84,"8 Dec, 2023",,2186680
GIRLS' FRONTLINE 2: EXILIUM,40,1497,70,"11 Feb, 2025",,3308670
Monster Hunter: World,41,296931,89,"9 Aug, 2018",,582010
DYNASTY WARRIORS: ORIGINS,42,13914,92,"17 Jan, 2025",,2384580
Legend of Heroes: Three Kingdoms,43,4429,89,"26 Mar, 2025","26 Mar, 2025",3020510
Slay the Spire,44,157335,97,"24 Jan, 2019",,646570
Vampire Survivors,45,237344,98,"21 Oct, 2022","17 Dec, 2021",1794680
Ravenswatch,46,11823,80,"27 Sep, 2024","7 Apr, 2023",2071280
Persona 3 Reload,47,28726,95,"2 Feb, 2024",,2161700
Soulworker : Your Destiny Awaits,48,2637,65,"17 Mar, 2022",,1825750
DAVE THE DIVER,49,116419,97,"28 Jun, 2023","27 Oct, 2022",1868140
Age of Wonders 4,50,13373,82,"3 May, 2023",,1669000
DRAGON QUEST® XI S: Echoes of an Elusive Age™ - Definitive Edition,51,8647,93,"5 Dec, 2020",,1295510
S.T.A.L.K.E.R. 2: Heart of Chornobyl,52,85945,81,"21 Nov, 2024",,1643320
Dinkum,53,20663,93,"23 Apr, 2025","14 Jul, 2022",1062520
Darkest Dungeon®,54,129396,91,"19 Jan, 2016",,262060
Tree of Savior (Korean Ver.),55,422,48,"26 Dec, 2022",,2178420
Wartales,56,26624,89,"12 Apr, 2023","2 Dec, 2021",1527950
Attack on Titan 2 - A.O.T.2,57,6238,93,"27 Apr, 2023",,601050
Super Robot Wars 30,58,5277,86,"28 Oct, 2021",,898750
Hades II,59,59914,94,"7 May, 2024","7 May, 2024",1145350
The Elder Scrolls® Online,60,127548,82,"4 Apr, 2014",,306130
Battle for Brooklyn DLC - Tom Clancy's The Division 2,61,37,54,"27 May, 2025",,3572140
UNLIGHT:Revive,62,1409,53,"7 Dec, 2024",,3247080
Garden of Witches,63,328,96,"23 May, 2025","23 May, 2025",2530470
Assassin's Creed Valhalla,64,28621,70,"7 Dec, 2022",,2208920
Legend of Mortal,65,28558,71,"14 Jun, 2024",,1859910
Last Epoch - Woven Legend Supporter Pack,66,292,99,"17 Apr, 2025",,3512600
Fallout 76,67,66164,75,"15 Apr, 2020",,1151340
My Time at Sandrock,68,22133,88,"2 Nov, 2023","26 May, 2022",1084600
FINAL FANTASY VII REMAKE INTERGRADE,69,31358,88,"17 Jun, 2022",,1462040
Survive the Fall,70,236,71,"23 May, 2025",,1579340
Touhou Mystia's Izakaya,71,24377,98,"1 Oct, 2021","16 Jun, 2021",1584090
Assassin's Creed® Origins,72,104589,85,"27 Oct, 2017",,582160
Symphony of War: The Nephilim Saga,73,11385,94,"11 Jun, 2022",,1488200
AI LIMIT,74,13797,93,"27 Mar, 2025",,2407270
Persona 5 Royal,75,68282,96,"21 Oct, 2022",,1687950
Gunfire Reborn,76,84900,93,"18 Nov, 2021","5 May, 2020",1217060
Like a Dragon: Infinite Wealth,77,13343,91,"26 Jan, 2024",,2072450
No Rest for the Wicked,78,40649,77,"19 Apr, 2024","19 Apr, 2024",1371980
Travellers Rest,79,12594,88,"28 Jul, 2020","29 Jul, 2020",1139980
HumanitZ,80,4306,75,"19 Sep, 2023","19 Sep, 2023",1766060
The Witcher 3: Wild Hunt,81,761461,96,"18 May, 2015",,292030
OCTOPATH TRAVELER II,82,10785,94,"25 Feb, 2023",,1971650
ヘブンバーンズレッド,83,4337,86,"11 Aug, 2022",,1973710
Tainted Grail: The Fall of Avalon,84,7902,87,"24 May, 2025","31 Mar, 2023",1466060
Potion Craft: Alchemist Simulator,85,31575,92,"14 Dec, 2022","22 Sep, 2021",1210320
Tom Clancy's The Division 2 Battle for Brooklyn Deluxe DLC,86,12,83,"27 May, 2025",,3572160
Lies of P,87,38382,91,"18 Sep, 2023",,1627720
Undertale,88,242341,96,"15 Sep, 2015",,391540
Dark and Darker,89,70661,68,"8 Jun, 2024","8 Jun, 2024",2016590
鬼谷八荒 Tale of Immortal,90,191987,54,"26 May, 2023","27 Jan, 2021",1468810
EVE Online,91,36336,73,"5 May, 2003",,8500
Like a Dragon: Pirate Yakuza in Hawaii,92,4325,91,"21 Feb, 2025",,3061810
Monster Hunter World: Iceborne,93,17454,57,"10 Jan, 2020",,1118010
MONSTER HUNTER RISE,94,70798,83,"13 Jan, 2022",,1446780
Sea of Stars,95,9908,88,"29 Aug, 2023",,1244090
Atelier Yumia: The Alchemist of Memories & the Envisioned Land,96,1938,65,"21 Mar, 2025",,3123410
The Elder Scrolls V: Skyrim Special Edition,97,188888,94,"28 Oct, 2016",,489830
FINAL FANTASY XVI,98,16071,79,"17 Sep, 2024",,2515020
Our Adventurer Guild,99,1739,96,"13 Apr, 2024","31 May, 2023",2026000
DARKEST DAYS,100,2391,44,"24 Apr, 2025",,1548520
SUPER ROBOT WARS X,101,1772,88,"10 Jan, 2020",,1031510
DK Online,102,708,48,"5 Mar, 2019","25 Jan, 2019",781030
DYSMANTLE,103,10027,91,"16 Nov, 2021","6 Nov, 2020",846770
Yarimono,104,2884,88,"30 Aug, 2024",,2696050
ASTLIBRA Revision,105,25743,95,"13 Oct, 2022",,1718570
NieR:Automata™,106,103893,88,"18 Mar, 2017",,524220
Dark and Darker - Legendary Status,107,218,47,"6 Dec, 2024",,3211120
DARK SOULS™: REMASTERED,108,83298,91,"24 May, 2018",,570940
"The Legend of Heroes: Kai no Kiseki -Farewell, O Zemuria-",109,478,78,"23 Jan, 2025",,3319980
IfSunSets,110,1436,73,"5 Nov, 2024","5 Nov, 2024",2271930
Yu-Gi-Oh! Duel Links,111,43602,83,"17 Nov, 2017",,601510
Asgard's Fall — Viking Survivors,112,744,85,"9 Apr, 2025","9 Apr, 2025",2780710
SUPER ROBOT WARS Y,113,0,0,"28 Aug, 2025",,1909950
Mount & Blade II: Bannerlord,114,204794,87,"25 Oct, 2022","30 Mar, 2020",261550
Hades,115,258228,98,"17 Sep, 2020","11 Dec, 2019",1145360
RPG Maker MZ,116,1554,85,"28 Aug, 2020",,1096900
CounterSide,117,3642,74,"1 Sep, 2022",,1976440
TRIANGLE STRATEGY,118,2555,80,"14 Oct, 2022",,1850510
Action Taimanin,119,18625,83,"6 Oct, 2020",,1335200
Kingdom Come: Deliverance,120,123498,83,"13 Feb, 2018",,379430
Metal Slug: Awakening,121,3201,67,"19 Jul, 2024",,2963870
Morimens,122,1887,78,"2 Aug, 2024",,3052450
The Slormancer,123,5781,81,"14 May, 2025","7 Apr, 2021",1104280
Guild Wars 2,124,21457,88,"24 Aug, 2022",,1284210
Dark Deity 2,125,963,94,"24 Mar, 2025",,2446600
Luma Island,126,8454,83,"20 Nov, 2024",,2408820
XCOM® 2,127,73700,85,"5 Feb, 2016",,268500
Granblue Fantasy: Relink,128,35547,89,"1 Feb, 2024",,881020
Hero Siege,129,33175,68,"29 Jan, 2014",,269210
Last Epoch - Woven Vanquisher Supporter Pack,130,34,97,"17 Apr, 2025",,3512590
Shadow Gambit: The Cursed Crew,131,3901,92,"18 Aug, 2023",,1545560
Digimon World: Next Order,132,1639,80,"22 Feb, 2023",,1530160
Clair Obscur: Expedition 33 – Deluxe Edition Upgrade,133,362,97,"24 Apr, 2025",,3228520
Elin,134,5930,93,"1 Nov, 2024","1 Nov, 2024",2135150
MOBILE SUIT GUNDAM SEED BATTLE DESTINY REMASTERED,135,367,76,"22 May, 2025",,1857740
Murim Survival,136,144,81,"18 Mar, 2025","18 Mar, 2025",3449590
Shop Titans,137,16898,78,"5 May, 2020",,1258080
Assassin's Creed® Odyssey,138,156205,89,"6 Oct, 2018",,812140
Night of the Dead,139,9910,78,"28 Aug, 2020","28 Aug, 2020",1377380
Undawn,140,6344,54,"14 Jun, 2023",,1881700
LUNAR Remastered Collection,141,353,90,"18 Apr, 2025",,3255380
The Binding of Isaac: Repentance,142,12702,83,"31 Mar, 2021",,1426300
Maneater,143,13364,89,"25 May, 2021",,629820
Feign,144,4172,91,"23 Oct, 2021","23 Oct, 2021",1436990
God of War Ragnarök,145,20017,87,"20 Sep, 2024",,2322010
Conquest Dark,146,1432,93,"30 Apr, 2025","30 Apr, 2025",3238670
For The King,147,29366,87,"20 Apr, 2018",,527230
Towerborne,148,711,78,"10 Sep, 2024","10 Sep, 2024",2458830
Look Outside,149,2279,99,"21 Mar, 2025",,3373660
FreestyleFootball R,150,1565,68,"14 Sep, 2022",,1826980
DAVE THE DIVER - Ichiban's Holiday Content Pack,151,271,44,"10 Apr, 2025",,3543180
WARRIORS: Abyss,152,1134,84,"13 Feb, 2025",,3178350
Borderlands 3,153,115882,84,"13 Mar, 2020",,397540
Warhammer: Vermintide 2,154,85269,84,"8 Mar, 2018",,552500
DREDGE,155,36877,95,"31 Mar, 2023",,1562430
Starward,156,2000,62,"25 Apr, 2024",,2764370
Graveyard Keeper,157,34904,86,"16 Aug, 2018",,599140
Darkest Dungeon® II: Inhuman Bondage,158,266,74,"28 Jan, 2025",,3205310
Grim Dawn,159,83711,93,"26 Feb, 2016",,219990
Crusader Kings III: Roads to Power,160,1936,84,"25 Sep, 2024",,2671070
Villages & Dungeons,161,263,87,"20 May, 2025",,3411020
Vampire Survivors: Ode to Castlevania,162,1600,97,"31 Oct, 2024",,3210350
Ember Knights,163,5350,93,"18 Jul, 2023","20 Apr, 2022",1135230
For The King II,164,10392,69,"3 Nov, 2023",,1676840
ENDER MAGNOLIA: Bloom in the Mist,165,12456,95,"22 Jan, 2025","25 Mar, 2024",2725260
Cubic Odyssey,166,1268,72,"15 May, 2025",,3400000
The Sims™ 3,167,29684,86,"2 Jun, 2009",,47890
PGA TOUR 2K25,168,1776,66,"28 Feb, 2025",,2385530
Bellwright,169,11198,80,"23 Apr, 2024","23 Apr, 2024",1812450
OCTOPATH TRAVELER™,170,12162,86,"8 Jun, 2019",,921570
Sword of Convallaria,171,3848,74,"1 Aug, 2024",,2526380
DRAGON QUEST BUILDERS™ 2,172,6147,92,"11 Dec, 2019",,1072420
Horizon Forbidden West™ Complete Edition,173,15094,89,"21 Mar, 2024",,2420110
Summer Memories,174,20768,92,"15 Jun, 2020",,1227890
Fallout 4,175,261516,83,"10 Nov, 2015",,377160
Persona 4 Golden,176,65270,97,"14 Jun, 2020",,1113000
Dragon's Dogma 2,177,70129,61,"22 Mar, 2024",,2054970
Aooni The Horror of Blueberry Onsen,178,169,81,"2 May, 2025",,3388870
Medieval Dynasty,179,37105,90,"23 Sep, 2021","17 Sep, 2020",1129580
Conan Exiles,180,72584,78,"8 May, 2018",,440900
STAR WARS™: The Old Republic™,181,67617,89,"20 Dec, 2011",,1286830
Necesse,182,14128,94,"13 Dec, 2019","13 Dec, 2019",1169040
Chrono Ark,183,11228,90,"3 May, 2024","13 Nov, 2019",1188930
DRAGON QUEST MONSTERS: The Dark Prince,184,554,77,"12 Sep, 2024",,2175540
Volcano Princess,185,38781,97,"21 Apr, 2023",,1669980
ARK: Genesis Season Pass,186,5276,54,"9 Aug, 2019",,1113410
Premium Starter Pack - Assassin's Creed Shadows,187,62,77,"20 Mar, 2025",,3362570
King Arthur: Knight's Tale,188,6083,83,"27 Apr, 2022","26 Jan, 2021",1157390
Marvel's Midnight Suns,189,15069,82,"2 Dec, 2022",,368260
Drova - Forsaken Kin,190,6666,95,"15 Oct, 2024",,1585180
OMORI,191,72073,97,"25 Dec, 2020",,1150690
Winter Memories,192,8891,97,"6 Jan, 2024",,2495450
Magicraft,193,12103,91,"2 Nov, 2024","2 Nov, 2023",2103140
Dungreed,194,8675,93,"15 Feb, 2018",,753420
STALCRAFT: X,195,77445,76,"10 Dec, 2022",,1818450
"Wartales, The Skelmar Invasion",196,167,82,"10 Dec, 2024",,3335020
UNDECEMBER,197,19871,52,"12 Oct, 2022",,1549250
Clair Obscur: Expedition 33 – Original Soundtrack,198,371,98,"24 Apr, 2025",,3405480
Age of Reforging:The Freelands,199,726,73,"29 Apr, 2025","29 Aug, 2023",1161830
Nioh 2 – The Complete Edition,200,30685,88,"5 Feb, 2021",,1325200
勇者鬥惡龍X　覺醒的五種族　OFFLINE,201,438,72,"15 Sep, 2022",,1358750
Skull and Bones,202,1558,66,"23 Aug, 2024",,2853730
Darkest Dungeon®: The Crimson Court,203,2029,63,"20 Jun, 2017",,580100
Stoneshard,204,28733,74,"7 Feb, 2020","7 Feb, 2020",625960
The Elder Scrolls Online: 2025 Content Pass,205,29,72,"11 Apr, 2025",,3474740
Minecraft Dungeons,206,12729,91,"23 Sep, 2021",,1672970
Shiren the Wanderer: The Mystery Dungeon of Serpentcoil Island,207,242,89,"12 Dec, 2024",,2178480
SULFUR,208,4143,86,"29 Oct, 2024","29 Oct, 2024",2124120
"Wartales, Pirates of Belerion",209,346,70,"14 Dec, 2023",,2692400
Suzerain,210,8260,93,"5 Dec, 2020",,1207650
SD GUNDAM G GENERATION CROSS RAYS,211,6679,83,"28 Nov, 2019",,728530
Wandering Sword,212,26440,94,"15 Sep, 2023",,1876890
Soulmask,213,12128,80,"31 May, 2024","31 May, 2024",2646460
Remnant: From the Ashes,214,43492,85,"20 Aug, 2019",,617290
GUNDAM BREAKER 4,215,3063,74,"29 Aug, 2024",,1672500
ONE PIECE: PIRATE WARRIORS 4,216,15758,91,"27 Mar, 2020",,1089090
Baldur's Gate 3 - Digital Deluxe Edition DLC,217,4254,96,"4 Aug, 2023",,2378500
"Warhammer 40,000: Inquisitor - Martyr",218,18515,75,"6 Jun, 2018",,527430
DRAGON BALL Z: KAKAROT,219,41169,93,"17 Jan, 2020",,851850
DRAGON BALL XENOVERSE 2,220,39757,90,"28 Oct, 2016",,454650
Starfield,221,108271,58,"6 Sep, 2023",,1716740
The Matchless Kungfu,222,6180,83,"6 Nov, 2024","30 Aug, 2023",1696440
Disco Elysium - The Final Cut,223,101356,93,"16 Oct, 2019",,632470
Warrior Maiden Lecia and the Lost Fortress,224,47,91,"24 May, 2025",,2752520
Yakuza: Like a Dragon,225,24888,94,"11 Nov, 2020",,1235140
Tunnel Escape,226,301,78,"23 Aug, 2024",,2908950
SurrounDead,227,6115,89,"25 Jun, 2022","25 Jun, 2022",1645820
Heroes of Hammerwatch II,228,3968,85,"15 Jan, 2025",,619820
Living With Sister: Monochrome Fantasy,229,9983,96,"23 Mar, 2024",,2429860
Realm of the Mad God Exalt,230,46592,83,"21 Feb, 2012",,200210
Wartales - The Tavern Opens!,231,278,73,"18 Apr, 2024",,2903960
Sun Haven,232,19341,82,"11 Mar, 2023","26 Jun, 2021",1432860
The Last Spell,233,11076,91,"10 Mar, 2023","3 Jun, 2021",1105670
Gunfire Reborn - Realm of Frost and Inkwash,234,405,89,"12 Sep, 2024",,3063250
Stolen Realm,235,2831,85,"8 Mar, 2024","15 Oct, 2021",1330000
The Imperial Gatekeeper,236,1934,80,"3 Sep, 2022",,1933650
Bad 2 Bad: Apocalypse,237,695,77,"30 Oct, 2024",,2782610
ARK: Bob's Tall Tales,238,1100,52,"2 Apr, 2024",,2881150
Middle-earth™: Shadow of War™,239,80405,88,"10 Oct, 2017",,356190
Tiny Tina's Wonderlands,240,15825,73,"24 Jun, 2022",,1286680
Ys X: Nordics,241,547,75,"14 Mar, 2024",,2570810
Persona® 5 Strikers,242,11921,89,"23 Feb, 2021",,1382330
Five Hearts Under One Roof,243,3738,91,"3 Oct, 2024",,3021100
STAR OCEAN THE SECOND STORY R,244,2690,93,"3 Nov, 2023",,2238900
Assassin's Creed Mirage,245,6848,74,"18 Oct, 2024",,3035570
Star Wars Outlaws,246,4561,73,"22 Nov, 2024",,2842040
Crusader Kings III: Khans of the Steppe,247,494,65,"28 Apr, 2025",,3315510
WUCHANG: Fallen Feathers,248,0,0,"24 Jul, 2025",,2277560
Big Ambitions,249,10219,93,"11 Mar, 2023","11 Mar, 2023",1331550
Disgaea 5 Complete,250,2922,88,"23 Oct, 2018",,803600
"Warhammer 40,000: Rogue Trader - Deluxe Pack",251,65,72,"8 Dec, 2023",,2682660
SWORD ART ONLINE Fractured Daydream,252,1855,64,"4 Oct, 2024",,1858630
Pathfinder: Kingmaker — Enhanced Plus Edition,253,26649,77,"25 Sep, 2018",,640820
Disgaea 6 Complete,254,355,63,"29 Jun, 2022",,1749750
Dark Deity,255,2354,72,"16 Jun, 2021",,1374840
Game of Thrones Winter is Coming,256,2592,60,"14 Nov, 2019",,1105420
Pathfinder: Wrath of the Righteous - Enhanced Edition,257,29662,83,"3 Sep, 2021",,1184370
Persona 3 Reload: Expansion Pass,258,2683,30,"12 Mar, 2024",,2689210
Tokyo Xtreme Racer,259,10862,94,"23 Jan, 2025","23 Jan, 2025",2634950
Exposed Livestream,260,209,81,"12 Apr, 2025",,3304770
The Division 2 Crossroads Season Bundle,261,0,0,"27 May, 2025",,3588070
Omega Crafter,262,423,80,"15 May, 2025","29 Mar, 2024",2262080
The Elder Scrolls V: Skyrim Anniversary Upgrade,263,6396,50,"11 Nov, 2021",,1746860
Succubus Farm,264,426,75,"20 Mar, 2021",,1455220
CODE VEIN,265,42505,84,"27 Sep, 2019",,678960
HELLCARD,266,2796,86,"2 Feb, 2024","17 Feb, 2023",1201540
Disgaea 4 Complete+,267,691,89,"11 Sep, 2020",,1233880
Caves of Qud,268,9703,95,"6 Dec, 2024","15 Jul, 2015",333640
Trove,269,92370,80,"9 Jul, 2015",,304050
ASTRA: Knights of Veda,270,4802,46,"2 Apr, 2024",,2484250
The Nameless: Slay Dragon,271,1466,91,"26 Sep, 2024",,2410170
Darkest Dungeon® II: The Binding Blade,272,445,76,"12 Dec, 2023",,2598510
Terminus: Zombie Survivors,273,3823,94,"20 Aug, 2024","1 Mar, 2021",1534980
Myth of Empires,274,14842,69,"22 Feb, 2024","18 Nov, 2021",1371580
Vampire Survivors: Operation Guns,275,539,91,"9 May, 2024",,2887680
State of Decay 2: Juggernaut Edition,276,52749,83,"14 Mar, 2020",,495420
Toram Online,277,5182,78,"20 Dec, 2021",,1827180
Castle Craft,278,210,90,"29 Apr, 2025","29 Apr, 2025",2086680
King Arthur: Legends Rise,279,530,64,"22 Jan, 2025",,2279730
Halls of Torment,280,27973,95,"24 Sep, 2024","24 May, 2023",2218750
Jotunnslayer: Hordes of Hel - Odin’s Legendary Armor Pack,281,20,95,"21 Jan, 2025","21 Jan, 2025",3400400
Vampire Survivors: Emergency Meeting,282,1017,93,"18 Dec, 2023",,2690330
Yao-Guai Hunter,283,1716,83,"17 Apr, 2025","3 Apr, 2023",1915510
Fuga: Melodies of Steel 3,284,24,100,"29 May, 2025",,3081320
Cassette Beasts,285,7632,95,"27 Apr, 2023",,1321440
PAYDAY 3: Party Powder Heist,286,136,80,"26 May, 2025",,3679630
Across the Obelisk,287,9821,82,"8 Apr, 2021","9 Apr, 2021",1385380
DRAGON QUEST BUILDERS,288,408,88,"14 Feb, 2024",,2436570
I Am Future: Cozy Apocalypse Survival,289,3450,86,"14 Nov, 2024","9 Aug, 2023",1658040
Touhou Mystia's Izakaya DLC5 Pack - Makai & Lunar Capital,290,142,95,"13 Feb, 2024",,2399331
Soulstone Survivors,291,20969,91,"7 Nov, 2022","7 Nov, 2022",2066020
Monster Hunter Wilds - Alma Outfit: New World Commission,292,64,98,"4 Apr, 2025",,3117520
Hero's Adventure: Road to Passion,293,20227,84,"16 Nov, 2023","8 Mar, 2023",1948980
Crusader Kings III: Tours & Tournaments,294,1402,75,"12 May, 2023",,2311920
Age of Wonders 4: Giant Kings,295,193,88,"1 Apr, 2025",,3181500
Time Space Rebuild,296,329,95,"20 May, 2025",,3292340
Coin Push RPG,297,277,79,"23 May, 2025",,3036010
Barony,298,7277,92,"24 Jun, 2015",,371970
Darkest Dungeon®: The Color Of Madness,299,878,70,"20 Jun, 2018",,735730
Natsu no Sagashimono ~What We Found That Summer~,300,725,87,"28 Sep, 2024",,2997980
RPG Maker MV,301,6855,91,"23 Oct, 2015",,363890
Dead Island Definitive Edition,302,21677,82,"31 May, 2016",,383150
Siralim Ultimate,303,1671,94,"4 Dec, 2021","13 Mar, 2021",1289810
Langrisser I & II,304,779,73,"10 Mar, 2020",,1060220
Gensei Suikoden Plus,305,62,91,"7 Oct, 2024",,3078590
Kingdom Come: Deliverance II Brushes with Death,306,312,68,"15 May, 2025",,3368600
RAID: Shadow Legends,307,1936,60,"9 Jan, 2024",,2333480
Darkest Dungeon Soundtrack,308,210,89,"19 Jan, 2016",,345800
Magical Girl Celesphonia,309,2716,96,"7 May, 2022",,1786790
ASTLIBRA Gaiden: The Cave of Phantom Mist,310,1255,84,"13 Feb, 2024",,2669360
Wartales - The Pits,311,174,41,"26 Aug, 2024",,3112270
Darkest Dungeon®: The Shieldbreaker,312,538,80,"26 Oct, 2017",,702540
Best Served Cold,313,175,89,"5 May, 2025",,3218530
DRAGON QUEST TREASURES,314,217,78,"15 Jul, 2023",,2021210
Tails of Iron 2: Whiskers of Winter,315,1056,78,"28 Jan, 2025",,2473480
Kingdom Come: Deliverance II The Lion’s Crest,316,156,79,"28 Mar, 2025",,3118100
Disgaea PC,317,4101,87,"25 Feb, 2016",,405900
Path of Kung Fu,318,4053,74,"29 Apr, 2025","19 Sep, 2024",2361680
"Warhammer 40,000: Mechanicus",319,10320,92,"16 Nov, 2018",,673880
The Legend of Heroes: Zero no Kiseki Kai,320,369,90,"23 Dec, 2021",,1457520
God Of Weapons,321,4169,85,"13 Sep, 2023",,2342950
"Warhammer 40,000: Rogue Trader - Void Shadows",322,652,90,"24 Sep, 2024",,2951990
Brotato: Abyssal Terrors,323,1985,64,"25 Oct, 2024",,2868390
Kynseed,324,2892,82,"7 Dec, 2022","8 Nov, 2018",758870
Infinity Strash: DRAGON QUEST The Adventure of Dai,325,264,44,"13 Oct, 2023",,1895810
Maiden And Lord,326,410,89,"28 Mar, 2025","5 Mar, 2025",3473160
"Warhammer 40,000: Chaos Gate - Daemonhunters - Execution Force",327,115,84,"25 Jul, 2023",,2421890
Baldur's Gate II: Enhanced Edition,328,8747,92,"16 Nov, 2013",,257350
Iratus: Lord of the Dead,329,6770,85,"24 Apr, 2020","25 Jul, 2019",807120
Outward Definitive Edition,330,22229,73,"17 May, 2022",,794260
Shadow Gambit: Yuki's Wish,331,77,94,"7 Dec, 2023",,2304810
Coromon,332,5254,86,"1 Apr, 2022",,1218210
Shadow Gambit: Zagan's Ritual,333,49,95,"7 Dec, 2023",,2576620
ARK: Extinction - Expansion Pack,334,2964,72,"7 Nov, 2018",,887380
AWAKEN - Astral Blade,335,746,84,"22 Oct, 2024",,1716310
Summer Memories+ - Expansion DLC,336,929,72,"9 Jan, 2021",,1390150
Melvor Idle,337,13311,90,"19 Nov, 2021","20 Nov, 2020",1267910
CosmicBreak Universal,338,1338,56,"1 Dec, 2008","20 Jan, 2021",1140620
Vampyr,339,17082,77,"5 Jun, 2018",,427290
ARK: Scorched Earth - Expansion Pack,340,4561,78,"2 Sep, 2016",,512540
ARK: Aberration - Expansion Pack,341,3572,78,"12 Dec, 2017",,708770
Gunfire Reborn - Artisan and Magician,342,569,89,"1 Jun, 2023",,2430400
Firestone: Online Idle RPG,343,6289,77,"1 Apr, 2024","26 Sep, 2019",1013320
Dark and Darker - EA#6 Seasonal Pack,344,202,54,"12 Apr, 2025",,3622300
Disgaea 2 PC,345,1397,91,"31 Jan, 2017",,495280
SpellForce: Conquest of Eo,346,1862,81,"3 Feb, 2023",,1581770
Punch Club 2: Fast Forward,347,3114,82,"21 Jul, 2023",,1161590
Metal Slug Tactics,348,956,77,"5 Nov, 2024",,1590760
Vampire Survivors: Tides of the Foscari,349,1073,94,"13 Apr, 2023",,2313550
Symphony of War: The Nephilim Saga - Legends,350,197,86,"29 Aug, 2023",,2432430
DYSMANTLE: Pets & Dungeons,351,41,70,"18 Oct, 2023",,2439690
SUPER ROBOT WARS 30 - Expansion Pack,352,175,54,"13 Apr, 2022",,1823802
Pillars of Eternity,353,15888,87,"27 Mar, 2015",,291650
Uncharted Waters IV HD Version,354,1772,65,"20 May, 2021",,1424800
Touhou Mystia's Izakaya DLC4 Pack - Garden of the Sun & Shining Needle Castle,355,139,96,"4 Aug, 2023",,2399330
LISA: The Painful,356,12739,95,"15 Dec, 2014",,335670
Vampire Survivors: Legacy of the Moonspell,357,1894,95,"16 Dec, 2022",,2230760
Banishers: Ghosts of New Eden,358,4661,85,"13 Feb, 2024",,1493640
FINAL FANTASY VII,359,24164,92,"4 Jul, 2013",,39140
Grim Dawn - Ashes of Malmouth Expansion,360,1368,90,"11 Oct, 2017",,642280
Viet Quoc Truyen Ky,361,23,82,"12 Apr, 2025","12 Apr, 2025",3534830
Grim Dawn - Forgotten Gods Expansion,362,1002,87,"28 Mar, 2019",,897670
Monster Hunter Wilds - Gesture Set Vol. 3,363,14,64,"23 Apr, 2025",,3289700
Monster Hunter Wilds - Seikret Decoration: Duskhorn Caparison,364,17,100,"4 Apr, 2025",,3117290
The Legend of Heroes: Ao no Kiseki KAI,365,276,94,"12 Jan, 2022",,1461920
Shattered Pixel Dungeon,366,1520,95,"24 Mar, 2022",,1769170
Night is Coming,367,206,73,"15 Apr, 2025","15 Apr, 2025",1011590
Eastward,368,13821,83,"16 Sep, 2021",,977880
暖雪 Warm Snow,369,33767,93,"19 Jan, 2022",,1296830
Nobody Saves the World,370,5222,91,"18 Jan, 2022",,1432050
Little Witch in the Woods,371,7191,89,"17 May, 2022","17 May, 2022",1594940
Frontier Hunter: Erza’s Wheel of Fortune,372,1538,83,"26 Jul, 2024","15 Dec, 2022",1429500
The Elder Scrolls IV: Oblivion® Game of the Year Edition (2009),373,40795,95,"11 Sep, 2007",,22330
EVERSPACE™ 2 - Wrath of the Ancients,374,50,72,"13 May, 2025",,2873470
DYSMANTLE: Doomsday,375,57,85,"19 Apr, 2023",,2147250
Shiren the Wanderer: The Tower of Fortune and the Dice of Fate,376,772,76,"3 Dec, 2020",,1178790
Gunfire Reborn - Visitors of Spirit Realm,377,964,90,"29 Aug, 2022",,2111850
NARUTO TO BORUTO: SHINOBI STRIKER,378,42096,84,"31 Aug, 2018",,633230
Touhou: Lost Branch of Legend,379,1556,93,"18 Aug, 2022","18 Aug, 2022",1140150
Chrono Ark - High Roller,380,139,82,"1 Nov, 2024",,3193720
太吾绘卷 The Scroll Of Taiwu,381,48973,70,"21 Sep, 2018",,838350
Lords Mobile,382,5613,66,"3 Jun, 2019",,1041320
Welcome to Maison Chichigami,383,242,90,"8 Feb, 2025",,2914480
The Elder Scrolls V: Skyrim VR,384,8448,74,"3 Apr, 2018",,611670
Wedding Witch,385,3834,89,"3 Nov, 2023",,2529820
Raid Auctus,386,376,54,"1 Apr, 2025",,3413590
Touhou Mystia's Izakaya DLC3 Pack - Myouren Temple & Divine Spirit Mausoleum,387,108,98,"18 Nov, 2022",,2191950
Touhou Mystia's Izakaya DLC2 Pack - Former Hell & Chireiden,388,166,88,"14 May, 2022",,1927110
Yakuza 3 Remastered,389,7011,80,"29 Jan, 2021",,1088710
My Time at Portia,390,33901,91,"15 Jan, 2019",,666140
Darkest Dungeon® II: Infernal Supporter Pack,391,149,98,"15 Apr, 2025",,3591040
Guidus Zero,392,340,70,"26 Mar, 2025","26 Nov, 2024",3072640
河洛群俠傳 (Ho Tu Lo Shu ： The Books of Dragon),393,9169,82,"15 Nov, 2018",,952860
House of Legacy,394,898,77,"15 May, 2025","15 May, 2025",2503770
"Warhammer 40,000: Rogue Trader - Voidfarer Pack",395,48,54,"8 Dec, 2023",,2682670
Vendir: Plague of Lies,396,169,75,"30 May, 2024",,1478850
Mortal Sin,397,3183,95,"16 Mar, 2023","16 Mar, 2023",1494810
Saihate Station,398,2220,95,"7 Mar, 2025",,3079280
ZEPHON,399,1197,87,"8 Nov, 2024",,1481170
Tales & Tactics,400,1401,81,"16 Aug, 2024","11 Aug, 2023",1652250
Epic Battle Fantasy 5,401,5153,98,"1 Dec, 2018",,432350
The Life and Suffering of Sir Brante,402,7075,90,"4 Mar, 2021",,1272160
Death Must Die,403,19539,90,"15 Nov, 2023","15 Nov, 2023",2334730
Fae Farm,404,2411,79,"9 Sep, 2023",,2230110
The Hungry Lamb: Traveling in the Late Ming Dynasty,405,43718,96,"23 Apr, 2024",,2593370
Infinity Nikki,406,5242,37,"29 Apr, 2025",,3164330
觅长生,407,24322,93,"26 Nov, 2019","26 Nov, 2019",1189490
Touhou Mystia's Izakaya DLC1 Pack - Forest of Magic & Youkai Mountain,408,198,95,"28 Jan, 2022",,1838750
Crusader Kings III: Royal Court,409,3180,45,"9 Feb, 2022",,1303182
Ib,410,4073,99,"11 Apr, 2022",,1901370
Monster Hunter Wilds - Seikret Decoration: Purehorn Caparison,411,19,78,"4 Apr, 2025",,3117280
Dungeon Clawler,412,2370,89,"22 Nov, 2024","22 Nov, 2024",2356780
Saihate Station : Twilight Railway,413,115,96,"18 Apr, 2025",,3216040
Monster Hunter Wilds - Alma Outfit: Cammy Outfit - SF6,414,10,90,"28 May, 2025",,3360500
The Witch's House MV,415,3106,95,"31 Oct, 2018",,885810
Death's Door,416,16674,93,"20 Jul, 2021",,894020
Rust - Voice Props Pack,417,1707,85,"2 Jul, 2021",,1670430
Secrets of Grindea,418,6712,89,"1 Mar, 2024","14 Jul, 2015",269770
Monster Hunter Wilds - Sticker Set: Blossomdance,419,28,85,"23 Apr, 2025",,3289710
One Way Heroics,420,3422,94,"1 Mar, 2014",,266210
Peglin,421,14981,83,"28 Aug, 2024","26 Apr, 2022",1296610
Twilight Wars,422,140,76,"23 May, 2025",,1396540
Multiverse Loot Hunter,423,1647,84,"3 Jan, 2025","3 Jan, 2025",2776450
Sword Art Online: Integral Factor,424,1904,63,"22 Aug, 2023",,2371630
Aooni,425,686,77,"26 Jul, 2024",,2934190
Princess Maker 2 Refine,426,1483,93,"28 Sep, 2016",,523000
God of Weapons: Eternal Nightmare,427,80,91,"12 May, 2025",,3282270
Survivalist: Invisible Strain,428,3175,88,"25 Apr, 2025","1 Jun, 2020",1054510
Die in the Dungeon,429,1714,91,"22 Feb, 2025","22 Feb, 2025",2026820
Blazing Aries,430,305,88,"12 Mar, 2022",,1658930
Castlevania Dominus Collection,431,1852,95,"28 Aug, 2024",,2369900
DYSMANTLE: Underworld,432,122,62,"24 Aug, 2022",,2004110
SignaNota,433,60,93,"25 Apr, 2025",,2974620
Urban Strife,434,245,75,"10 Dec, 2024","10 Dec, 2024",710230
The Surge 2,435,6532,77,"24 Sep, 2019",,644830
Worldless,436,1065,95,"20 Nov, 2023",,1898500
CRYMACHINA,437,545,86,"25 Oct, 2023",,2258500
Monster Hunter Wilds - Photo Pose Set Vol. 2,438,38,34,"4 Apr, 2025",,3117530
DREDGE - The Iron Rig,439,520,81,"15 Aug, 2024",,2561450
Ember Knights - Wrath of the Architect,440,126,73,"15 Oct, 2024",,2948140
Monster Train,441,18983,96,"22 May, 2020",,1102190
Rust - Sunburn Pack,442,1824,93,"10 Jul, 2020",,1353060
SKYHILL,443,4206,78,"6 Oct, 2015",,382140
"Dark Deity - Suns Out, Swords Out",444,10,60,"26 Jul, 2022",,2024880
Warframe: Yareli Prime - Accessories Pack,445,0,0,"22 May, 2025",,3678030
The Braves,446,1608,70,"4 May, 2024",,2479830
Asterigos: Curse of the Stars,447,2305,79,"12 Oct, 2022",,1731070
Rogue Loops,448,187,75,"5 Apr, 2025",,3275010
Natsumi and the Absurd Academy,449,13,92,"23 May, 2025",,3326920
Dwarven Realms,450,2422,83,"28 Sep, 2024","17 Dec, 2022",2015240
Towers of Aghasba,451,1661,68,"20 Nov, 2024","20 Nov, 2024",2178070
Crusader Kings III: Legacy of Persia,452,577,57,"10 Nov, 2023",,2313540
Succubus Affection,453,1122,91,"23 Oct, 2020",,1328890
Bedlam Pack - Tom Clancy’s The Division 2,454,0,0,"27 May, 2025",,3588090
Dream Life in the Country Side,455,50,90,"8 Mar, 2025",,3442040
Dragon Age: Origins - Ultimate Edition,456,25861,86,"27 Oct, 2010",,47810
Pocket Mirror ~ GoldenerTraum,457,1215,93,"20 May, 2023",,1899060
Monster Hunter Wilds - Character Edit Voucher: Three-Voucher Pack,458,273,8,"28 Feb, 2025",,3289620
Wildkeepers Rising,459,64,78,"31 Mar, 2025","31 Mar, 2025",2995560
SRPG Studio,460,250,83,"21 Aug, 2018",,857320
Auto Rogue,461,212,94,"23 May, 2025",,3553210
Just a To the Moon Series Beach Episode,462,2763,98,"21 Sep, 2024",,2159210
Ancestors: The Humankind Odyssey,463,8207,80,"28 Aug, 2020",,536270
Touhou Mystia's Izakaya DLC2.5 Pack,464,89,87,"30 Sep, 2022",,2122050
Warframe: Yareli Prime Access - Weapons Pack,465,0,0,"22 May, 2025",,3678020
Legendary Tales,466,2574,77,"9 Feb, 2024","9 Sep, 2021",1465070
Monster Hunter Wilds - Alma Outfit: Chun-Li Outfit - SF6,467,11,72,"28 May, 2025",,3360490
The Walking Dead: Saints & Sinners,468,7208,87,"24 Jan, 2020",,916840
Smalland: Survive the Wilds,469,6626,83,"15 Feb, 2024","29 Mar, 2023",768200
Metaphor: ReFantazio - Etrian Odyssey Class Costumes (7) & Battle BGM Set,470,24,62,"11 Oct, 2024",,2924470
Megaloot,471,3488,73,"30 Aug, 2024",,2440380
Yarimono ~ DLC 1,472,99,75,"30 Aug, 2024",,3171570
Maneater: Truth Quest,473,755,52,"1 Sep, 2021",,1611940
Eternium,474,4058,82,"22 Aug, 2023","11 Oct, 2021",981600
20 Minutes Till Dawn,475,26491,91,"8 Jun, 2023","8 Jun, 2022",1966900
SpellForce: Conquest of Eo - Children of Nor,476,34,100,"14 May, 2025",,3540990
OUTRIDERS,477,45505,66,"2 Apr, 2021",,680420
DRAGON BALL XENOVERSE 2 - Dragon Ball DAIMA Pack,478,34,50,"22 May, 2025",,3387210
The Incredible Adventures of Van Helsing,479,7520,83,"23 May, 2013",,215530
Despot's Game: Dystopian Battle Simulator,480,2711,84,"30 Sep, 2022","15 Oct, 2021",1227280
Streets of Rogue,481,16345,96,"13 Jul, 2019",,512900
To the Moon,482,63528,96,"1 Nov, 2011",,206440
HELLGATE: London,483,2107,57,"16 Nov, 2018",,939520
秦殇 (Prince of Qin),484,2299,78,"11 Jan, 2022",,970500
Crusader Kings III: Wandering Nobles,485,306,50,"5 Nov, 2024",,2671080
Living With Sister: Monochrome Fantasy - Expansion DLC,486,706,63,"20 Dec, 2024",,3062990
"Warhammer 40,000: Space Marine 2 - Dark Angels Chapter Pack",487,320,58,"10 Dec, 2024",,2792170
Cattle Country,488,32,90,"27 May, 2025",,2818150
Crusader Kings III: Legends of the Dead,489,1578,31,"5 Mar, 2024",,2671060
下一站江湖Ⅱ,490,7705,74,"18 Apr, 2024",,1606180
Kingdom Under Fire: The Crusaders,491,989,92,"28 Feb, 2020",,1121420
FINAL FANTASY XVI The Rising Tide,492,222,63,"17 Sep, 2024",,2744060
Chef RPG,493,1571,87,"12 Sep, 2024","12 Sep, 2024",1796790
Angel Legion,494,11366,84,"14 Aug, 2020",,1333350
Back to the Dawn,495,4417,92,"3 Nov, 2023","3 Nov, 2023",1735700
Enotria: The Last Song,496,1538,68,"16 Sep, 2024",,2102450
Rise Eterna,497,161,40,"10 Jun, 2021",,995070
Ideology in Friction,498,1584,86,"14 Jun, 2019",,1011940
FINAL FANTASY XVI Echoes of the Fallen,499,152,80,"17 Sep, 2024",,2744050
"Warhammer 40,000: Chaos Gate - Daemonhunters - Duty Eternal",500,371,40,"7 Dec, 2022",,2126610
Old World - Wonders and Dynasties,501,35,91,"12 Jan, 2024",,2587430
Enishia and the Binding Brand,502,703,85,"11 May, 2024",,2582650
Suzerain: Kingdom of Rizia,503,711,90,"26 Mar, 2024",,2352340
Monster Hunter Wilds - Hunter Layered Armor: Oni Horns Wig,504,75,77,"28 Feb, 2025",,3117110
South Park™: The Fractured But Whole™,505,27845,84,"16 Oct, 2017",,488790
Healed To Death,506,109,86,"8 Apr, 2025",,2765490
Heroes of Hammerwatch,507,7228,87,"2 Mar, 2018",,677120
Touhou Hero of Ice Fairy,508,5956,97,"3 Apr, 2024","25 Feb, 2023",1955830
VOIN,509,628,94,"11 Dec, 2024","11 Dec, 2024",2464530
Ninja Village,510,406,93,"23 May, 2022",,1918520
Ruins Seeker,511,656,92,"29 May, 2020",,1078280
Ruined King: A League of Legends Story™,512,10164,88,"17 Nov, 2021",,1276790
For The King: Lost Civilization Adventure Pack,513,467,53,"11 Feb, 2021",,1433560
Edition Upgrade (Digital Deluxe),515,19,78,"22 May, 2025",,3464380
Chrono Ark - Summer Twilight,516,455,72,"3 May, 2024",,2780000
Roadwarden,517,3655,95,"12 Sep, 2022",,1155970
The Division 2 - Warlords of New York - Expansion,518,180,74,"13 Jan, 2023",,2222570
Pathologic 2,519,8512,92,"23 May, 2019",,505230
"Warhammer 40,000: Inquisitor - Martyr - Hierophant Class",520,82,89,"12 Nov, 2024",,3003800
Blood Bowl 3,521,3344,50,"24 Feb, 2023",,1016950
SAS: Zombie Assault 4,522,9089,86,"16 Oct, 2017",,678800
Quasimorph,523,3806,81,"3 Oct, 2023","3 Oct, 2023",2059170
The Last Spell - Elves of Amberwald,524,34,79,"22 Apr, 2025",,3023570
Tale of Immortal - BaHuang Chronicle,525,19,52,"27 Dec, 2024",,3294480
Graveyard Keeper - Stranger Sins,526,369,81,"29 Oct, 2019",,1163770
LunarLux,527,239,95,"26 Sep, 2023",,1932680
WORLD OF HORROR,528,8567,91,"20 Oct, 2023","21 Feb, 2020",913740
Little Goody Two Shoes,529,1558,95,"8 Nov, 2023",,1812370
无休仙途,530,734,73,"25 Mar, 2025","26 Jul, 2024",2654540
CrossCode,531,14875,92,"21 Sep, 2018",,368340
Crusader Kings III Content Creator Pack: Medieval Monuments,532,146,58,"25 Feb, 2025",,3315540
Succumate,533,905,82,"21 Nov, 2020",,1278390
Command & Conquer™ Generals,534,1439,87,"8 Mar, 2024",,2229870
Vampires Dawn 3 - The Crimson Realm,535,297,82,"20 May, 2021",,1361010
Rise of Gun,536,680,87,"26 Mar, 2024","18 Oct, 2023",2319640
Princess Maker 5,537,528,64,"4 May, 2018",,724250
Ragnarok Online 2,538,3181,58,"2 May, 2013",,231060
Monster Hunter Wilds - Camp Gear Set Vol. 1,539,22,95,"4 Apr, 2025",,3117450
Wild Terra 2: New Lands,540,1116,58,"11 Nov, 2022","29 Jan, 2021",1134700
Miss Neko: Pirates,541,1158,83,"22 Mar, 2024",,2695270
Death Road to Canada,542,7962,93,"22 Jul, 2016",,252610
Monster Hunter Wilds - Pendant: White Fairy Light,543,21,71,"4 Apr, 2025",,3117300
SpellForce: Conquest of Eo - Weaver's Realms,544,42,83,"30 Sep, 2024",,3132660
Niplheim's Hunter - Branded Azel,545,748,90,"7 Jan, 2019",,965670
Amazing Cultivation Simulator,546,18598,86,"25 Nov, 2020","11 Jan, 2019",955900
Bad 2 Bad: Apocalypse - 7 Character Pack,547,10,50,"30 Oct, 2024",,3110390
Might & Magic® Heroes® VII,548,6397,54,"29 Sep, 2015",,321960
Tainted Grail: Conquest,549,6847,90,"27 May, 2021","19 Jun, 2020",1199030
EVERSPACE™ 2 - Supporter Pack,550,95,100,"30 Apr, 2024",,2911770
PAYDAY 3: Jacket Character Pack,551,499,91,"4 Feb, 2025",,3450550
Hero Siege - Cyberpunk Samurai (Class + Skin),552,94,76,"18 Jul, 2014",,312290
Ambrosia,553,2453,93,"30 Jan, 2021",,1078350
UFO 50,554,5947,95,"18 Sep, 2024",,1147860
Welcome to ParadiZe,555,853,64,"1 Mar, 2024",,1519090
Crusader Kings II,556,72061,90,"15 Feb, 2012",,203770
SpellForce: Conquest of Eo - Demon Scourge,557,88,94,"13 Feb, 2024",,2681600
"Warhammer 40,000: Space Marine 2 - Space Wolves Chapter Pack",558,111,53,"15 Apr, 2025",,2792180
DAVE THE DIVER Digital Extra,559,191,92,"28 Jun, 2023",,2492320
DRAGON QUEST I & II HD-2D Remake,560,0,0,"31 Oct, 2025",,2893570
Golden Krone Hotel,561,289,95,"27 Oct, 2017",,497800
Bioweaver,562,578,79,"16 Nov, 2024",,3177970
FATE: Reawakened,563,533,69,"12 Mar, 2025",,3030720
Undead Horde 2: Necropolis,564,388,84,"30 Mar, 2023","8 Dec, 2022",2065810
Monster Hunter Wilds - Alma Outfit: Spring Blossom Kimono,565,15,60,"23 Apr, 2025",,3289640
A Night Filled With the Sound of Rain,566,333,90,"3 May, 2025",,3556740
ZED ZONE,567,3171,81,"30 Mar, 2023","30 Mar, 2023",1211600
Graveyard Keeper - Game Of Crone,568,404,66,"28 Oct, 2020",,1430990
Final Knight,569,106,83,"13 Jan, 2025","13 Jan, 2025",2072980
Treasure Hunter Claire,570,2225,89,"20 Jul, 2018",,828070
Activation Bundle - Tom Clancy’s The Division 2,571,18,77,"3 Dec, 2024",,3268800
Hero Siege - Demon Slayer & Demonspawn (Class) + Spawn Demonspawn (Skin),572,91,73,"17 Nov, 2015",,385511
Metal Waltz: Anime tank girls,573,1666,78,"19 Apr, 2017",,581130
Teenage Mutant Ninja Turtles: Splintered Fate - Casey Jones & the Junkyard Jam,574,37,91,"6 Feb, 2025",,3316670
Graveyard Keeper - Better Save Soul,575,326,46,"28 Oct, 2021",,1788370
Esports Godfather,576,3519,91,"24 May, 2024",,1278540
The Ranch of Rivershine,577,1307,94,"24 May, 2025","12 May, 2023",1559600
Punch Club 2: Iron Fist,578,47,57,"23 Jul, 2024",,2923090
Gujian3(古剑奇谭三),579,39998,85,"15 Dec, 2018",,994280
Oceanhorn: Monster of Uncharted Seas,580,1260,81,"17 Mar, 2015",,339200
Scarlet Tower,581,1703,82,"26 Mar, 2024","1 Nov, 2022",2181720
Ryse: Son of Rome,582,34086,87,"10 Oct, 2014",,302510
Monster Hunter Wilds - Seikret Decoration: Majestic Dragon's Caparison,583,0,0,"23 Apr, 2025",,3289650
Uncharted Ocean,584,547,70,"9 Dec, 2019","20 Nov, 2019",1158690
Myth of Empires - Xizhou Civilization Pack,585,85,54,"21 Mar, 2025",,3502710
Grimlord,586,803,80,"20 Dec, 2024","23 Jun, 2023",1910860
Deck of Souls,587,141,89,"11 Dec, 2024","20 Jun, 2024",2088770
Hero Siege - Plague Doctor Class,588,55,81,"14 Dec, 2018",,987730
Trinity Survivors,589,307,72,"2 May, 2024","31 Jan, 2024",2686580
"Command & Conquer Red Alert™, Counterstrike™ and The Aftermath™",590,261,82,"8 Mar, 2024",,2229840
Grim Dawn - Crucible Mode DLC,591,552,82,"3 Aug, 2016",,483840
Rune Coliseum,592,668,87,"24 Sep, 2024","24 Sep, 2024",2360210
Yog-Sothoth’s Yard,593,8582,93,"20 Oct, 2023",,2194530
ZEPHON - The Twisted & The Hollow,594,46,95,"28 Apr, 2025",,3607430
Princesses Never Lose!,595,389,80,"20 Mar, 2020",,1058060
Remnant: From the Ashes - Subject 2923,596,698,68,"20 Aug, 2020",,1344680
Command & Conquer Red Alert™ 2 and Yuri’s Revenge™,597,7970,93,"8 Mar, 2024",,2229850
Fallen ~Makina and the City of Ruins~,598,1854,85,"23 Feb, 2018",,791330
RPG Maker MZ - MV Trinity Resource Pack,599,46,43,"21 Aug, 2020",,1351010
Project Warlock,600,3981,87,"7 Dec, 2018",,893680
Born Again,601,879,84,"16 Dec, 2023",,2332210
The Surge,602,7983,76,"16 May, 2017",,378540
Apostle: Rebellion,603,297,81,"30 Jul, 2022",,1419750
Lost Soul Aside™,604,0,0,"30 Aug, 2025",,3378960
Abalon: Roguelike Tactics CCG,605,457,94,"11 May, 2023","21 Jun, 2022",1681840
Dungeons & Dragons: Chronicles of Mystara,606,1361,81,"18 Jun, 2013",,229480
Warframe: Yareli Prime Access - Complete Pack,607,16,100,"22 May, 2025",,3678040
Chevalier Historie,608,362,84,"26 Feb, 2022",,1413960
DREDGE - The Pale Reach,609,863,71,"16 Nov, 2023",,2561440
Tower of Kalemonvo,610,285,85,"29 Mar, 2025",,2351860
Remnant: From the Ashes - Swamps of Corsus,611,638,52,"28 Apr, 2020",,1245150
The Heart of Influencer,612,209,93,"28 Apr, 2025",,3562530
Eris Dysnomia,613,212,91,"19 Aug, 2023",,2377420
Magicbook AutoBattler: Contract,614,173,80,"29 Mar, 2025",,3521320
A Plunge into Darkness,615,27,77,"19 Mar, 2020",,615700
My Time at Sandrock - Love Chronicles,616,52,63,"31 Oct, 2024",,2969170
Heaven Dust 2,617,701,91,"6 Jan, 2022",,1515900
Motesolo : No Girlfriend Since Birth,618,978,85,"10 Jun, 2021","30 Dec, 2020",1414180
Monster Hunter Wilds - Hairstyle: Refined Warrior,619,20,65,"28 Feb, 2025",,3117190
Lost in Random: The Eternal Die,620,0,0,"18 Jun, 2025",,2564520
Idle Champions of the Forgotten Realms,621,14462,77,"26 Mar, 2020",,627690
Soulstone Survivors: Supporter Pack,622,48,100,"24 Apr, 2025",,3615530
"Warhammer 40,000: Space Marine 2 - Macragge’s Chosen DLC",623,430,43,"4 Oct, 2024",,2486150
Rogue Legacy 2,624,13625,90,"29 Apr, 2022","19 Aug, 2020",1253920
DARK SOULS™ III - Ashes of Ariandel™,625,3999,59,"25 Oct, 2016",,506970
Dark Hunting Ground,626,343,95,"8 Nov, 2024","8 Nov, 2024",2494810
Wolcen: Lords of Mayhem,627,61570,55,"13 Feb, 2020",,424370
Corpse Party (2021),628,1105,91,"21 Oct, 2021",,1273260
FRONT MISSION 1st: Remake,629,495,78,"30 Jun, 2023",,2399730
Beauty’s Target,630,103,81,"16 May, 2025",,3555150
Black Skylands,631,2460,82,"16 Aug, 2023","10 Jul, 2021",1143810
Mirthwood,632,1855,70,"7 Nov, 2024",,2272900
Crusader Kings III Content Creator Pack: West Slavic Attire,633,151,52,"28 Nov, 2024",,3275760
Warframe: Yareli Prime Access - Prime Pack,634,0,0,"22 May, 2025",,3678010
LiEat,635,3835,96,"26 Feb, 2016",,373770
Cursed Lands,636,113,74,"18 May, 2018",,758320
Monster Hunter Wilds - Sticker Set: Street Fighter 6 Set,637,0,0,"28 May, 2025",,3360530
Deus Ex: Mankind Divided,638,29470,76,"23 Aug, 2016",,337000
The Slormancer - Supporter Pack,639,19,100,"12 May, 2025",,3625910
The First Berserker: Khazan Deluxe Bonus,640,26,88,"28 Mar, 2025",,3265150
Library of Ruina - ArtBook,641,139,97,"3 Sep, 2021",,1735680
Warhammer: Chaosbane,642,2980,59,"1 Jun, 2019",,774241
"Warhammer 40,000: Space Marine 2 - Raven Guard Cosmetic Pack",643,153,74,"6 Feb, 2025",,3274400
Warm Snow - The End Of Karma,644,1335,71,"5 Dec, 2023",,2612950
BioShock™,645,24072,94,"21 Aug, 2007",,7670
Iratus: Wrath of the Necromancer,646,120,82,"27 Oct, 2020",,1293280
Vagante,647,3969,90,"22 Feb, 2018",,323220
EVERSPACE™ 2 - Titans,648,96,57,"17 Sep, 2024",,2873460
Aliya: Timelink,649,6003,98,"25 Apr, 2024",,2704110
Neko Dungeon | 喵酱迷城 | 喵醬迷城 | ねこダンジョン,650,34,47,"17 Aug, 2018",,799870
Elite Dangerous: Odyssey,651,7621,41,"20 May, 2021",,1336350
Rogue,652,432,95,"1 Jun, 1985",,1443430
Nordic Ashes: Remnants of Corruption,653,80,53,"11 May, 2025",,3636780
Dreamscaper,654,2437,88,"6 Aug, 2021","14 Aug, 2020",1040420
Märchen Forest,655,336,81,"28 Jan, 2021",,1507720
Tear and the Library of Labyrinths,656,306,91,"7 Nov, 2020",,1378040
Old World - Behind the Throne,657,36,86,"29 May, 2024",,2587420
The Captain,658,271,92,"4 Dec, 2021",,1721530
Towerful Defense: A Rogue TD,659,171,71,"30 Jul, 2024",,2453610
Monster Hunter Rise - Hunter Voice: Mood Swings,660,171,95,"24 Feb, 2022",,1852255
Sister Travel,661,642,89,"25 Jan, 2019",,959890
Path of Kung Fu-Deluxe Edition DLC,662,34,61,"29 Apr, 2025",,3686660
Lies of P : Deluxe Upgrade,663,130,63,"18 Sep, 2023",,2325281
The Walking Dead: Saints & Sinners - Chapter 2: Retribution,664,1334,65,"22 Mar, 2023",,1947500
RPG Maker 2003,665,687,93,"25 Apr, 2015",,362870
Liz ~The Tower and the Grimoire~,666,480,89,"14 Feb, 2020",,1078330
Tale of Immortal - Five Blooms,667,395,34,"27 Dec, 2024",,3326620
Monster Hunter Wilds - Pendant: Violet Fairy Light,668,14,64,"4 Apr, 2025",,3117340
Succubus Prison,669,123,81,"15 Jul, 2023",,2300920
Old World - Pharaohs of the Nile,670,24,87,"5 Oct, 2023",,2587410
イル・ドー,671,71,90,"30 Mar, 2025","30 Mar, 2025",3561770
S.T.A.L.K.E.R.: Clear Sky - Enhanced Edition,672,855,43,"20 May, 2025",,2427420
Bastion,673,27548,95,"17 Aug, 2011",,107100
Notes of the Young Lady: In Turbulent Times,674,44,93,"20 Feb, 2023",,2284100
My Time at Sandrock - Monster Whisperer,675,60,70,"22 May, 2024",,2808740
Pyre,676,8098,90,"26 Jul, 2017",,462770
ARK Fantastic Tames - Dreadmare,677,192,57,"31 Oct, 2024",,3282470
FatalZone,678,2104,68,"17 Sep, 2024","23 Oct, 2023",2488510
Sairento VR,679,1437,86,"6 Feb, 2018",,555880
Transistor,680,27349,93,"21 May, 2014",,237930
Wandering Sword - Mount Pack: Majestic Steeds,681,386,97,"28 Jun, 2024",,3027840
XCOM®: Chimera Squad,682,19915,72,"24 Apr, 2020",,882100
Mira and the Mysteries of Alchemy,683,118,72,"16 Oct, 2020",,1328920
The Lost Village,684,2545,73,"8 Apr, 2024","15 Jan, 2023",1963040
The Incredible Adventures of Van Helsing: Final Cut,685,1833,76,"6 Nov, 2015",,400170
Lootun,686,708,94,"14 May, 2024","31 Aug, 2022",1960270
Rebuild 3: Gangs of Deadsville,687,1395,86,"30 May, 2015",,257170
Alice in the Nightmare Land,688,240,82,"8 Jun, 2024",,2583430
Public Defense Corp,689,338,82,"5 Dec, 2020",,1078320
Knock on the coffin lid - Nightmares of Millenis,690,38,47,"5 Apr, 2025",,2891150
Assassin's Creed® Origins - The Curse Of The Pharaohs,691,870,81,"14 Mar, 2018",,662351
Balrum,692,671,78,"1 Mar, 2016",,424250
Lord of the Dark Castle,693,102,70,"20 Apr, 2015",,349460
"Warhammer 40,000: Inquisitor - Prophecy",694,2697,79,"31 Jul, 2019",,1042800
Kunoichi Botan,695,494,80,"4 Jan, 2019",,986020
FOUNTAINS,696,230,89,"20 Dec, 2024",,1841240
Unsouled,697,238,73,"29 Apr, 2022","17 Nov, 2021",1042920
挂姬恶魔 IDLE DEVILS,698,1113,80,"30 Jan, 2024","25 Jun, 2023",2226700
Kingdom Come: Deliverance II Gallant Huntsman’s Kit,699,50,80,"16 Apr, 2025",,3118110
Granblue Fantasy: Relink - Character Expansion Set: Tweyen,700,52,69,"26 Apr, 2024",,2853960
Hero Siege - Amazon Class,701,115,69,"9 Jun, 2015",,376660
Renowned Explorers: International Society,702,2260,91,"2 Sep, 2015",,296970
West of Loathing,703,9172,97,"11 Aug, 2017",,597220
Saint Emiliana,704,265,78,"17 Sep, 2020",,1257170
Sorry! I surrounded beauty!,705,224,87,"11 Apr, 2025",,3193670
Monster Hunter Wilds - Hunter Layered Armor Set: Noblesse,706,26,34,"4 Apr, 2025",,3117250
Touhou Hero of Ice Fairy DLC1 - Rose Idol,707,622,99,"3 Apr, 2025",,3213970
Alien Shooter,708,3480,95,"15 Sep, 2003",,33100
Melvor Idle: Into the Abyss,709,158,45,"14 Jun, 2024",,2860590
Tina: Swordswoman of the Scarlet Prison,710,473,83,"2 Aug, 2019",,1015770
Alternate DiMansion Diary,711,460,85,"24 May, 2019",,1015720
Monster Hunter Wilds - Character & Palico Edit Voucher: Three-Voucher Pack,712,76,21,"28 Feb, 2025",,3336890
STAR WARS™: The Force Unleashed™ II,713,5370,64,"26 Oct, 2010",,32500
Shadow Empire,714,1052,85,"4 Dec, 2020",,1154840
FRONT MISSION 2: Remake,715,232,58,"30 Apr, 2024",,2865440
Assassin’s CreedⓇ Odyssey - The Fate of Atlantis,716,1466,66,"24 Apr, 2019",,937892
Orangeblood,717,327,71,"14 Jan, 2020",,1042670
Minoria,718,1711,83,"27 Aug, 2019",,940910
MONSTER HUNTER RISE - Hunter Voice: Cool Girl,719,32,87,"13 Jan, 2022",,1798095
"Horticular: Build a Garden, Attract Wildlife",720,315,91,"12 Jul, 2024",,1928540
STAR WARS™ Jedi Knight - Jedi Academy™,721,10824,96,"16 Sep, 2003",,6020
Subterrain: Mines of Titan,722,571,76,"13 Mar, 2024",,1573100
Ravenswatch - Unleashed Skin Pack,723,17,100,"30 Jan, 2025",,3393430
XCOM: Enemy Within,724,1476,89,"15 Nov, 2013",,225340
Hypnosis of Corruption,725,96,82,"7 Dec, 2024",,3041810
Last Epoch - Abyssal Templar Supporter Pack,726,0,0,"2 Aug, 2024",,3080450
Monster Hunter Wilds - Pendant: Pink Fairy Light,727,17,64,"4 Apr, 2025",,3117350
Misao - 2024 HD Remaster,728,2096,95,"25 Oct, 2017",,691450
Nyakori's Rabbit Doll,729,1255,95,"3 Feb, 2020",,1162070
CrossCode: A New Home,730,425,93,"26 Feb, 2021",,1517030
"MONSTER HUNTER RISE - ""Special Stickers 3"" Sticker set",731,14,100,"13 Jan, 2022",,1798084
"MONSTER HUNTER RISE - ""Fox Mask"" Hunter layered armor piece",732,30,96,"13 Jan, 2022",,1753181
Decision Legacy Collection,733,85,89,"31 Jan, 2025",,3015510
桃色武林,734,460,81,"6 Dec, 2024",,2421310
Shiren the Wanderer: The Mystery Dungeon of Serpentcoil Island Plus Pack,735,0,0,"12 Dec, 2024",,2862840
Magical Swordmaiden,736,100,74,"19 Dec, 2020",,1271740
Warframe: Gunblade Battlekit,737,55,94,"21 May, 2025",,3658020
Wedding Witch - Artbook,738,46,65,"1 Nov, 2023",,2638000
A Timely Intervention,739,51,84,"25 Mar, 2017",,461340
"Warhammer 40,000: Space Marine 2 - Ultramarines Cosmetic Pack",740,469,43,"4 Oct, 2024",,2792150
Otherworld Legends 战魂铭人,741,1283,62,"31 Oct, 2024",,1761380
Swarm Grinder,742,1062,78,"23 Apr, 2024","6 May, 2023",1375900
Heroes of Might & Magic V,743,3531,87,"23 May, 2006",,15170
Doom Sweeper,744,714,74,"9 Jun, 2024","7 Dec, 2023",2162680
Tale of Immortal - Ground of No Return,745,65,44,"26 May, 2023",,2408730
Monster Hunter Wilds - Hunter Layered Armor: Florescent Circlet,746,18,38,"4 Apr, 2025",,3117260
Warframe: Starter Weapon Pack,747,75,88,"21 Feb, 2024",,2803600
Ravenswatch - Nightmares Skin Pack,748,10,90,"27 Sep, 2024",,3113120
Internet Cafe & Supermarket Simulator 2024,749,806,81,"13 Sep, 2024","17 May, 2024",2738380
"Monster Hunter Rise - ""Kamura Cloak Garb"" Hunter layered armor piece",750,23,100,"24 Feb, 2022",,1852251
SpaceBourne 2,751,3918,79,"17 Feb, 2023","17 Feb, 2023",1646850
Project Castaway,752,1136,68,"24 Sep, 2024","24 Sep, 2024",1713350
Punch Club,753,11303,82,"9 Jan, 2016",,394310
Half Billion: Love Choice,754,529,71,"18 Oct, 2024",,3173890
Deus Ex: Human Revolution - Director's Cut,755,23786,92,"26 Oct, 2013",,238010
UNDERTALE Soundtrack,756,2038,97,"15 Sep, 2015",,391570
Phantom Rose,757,774,77,"8 Aug, 2019",,1054550
Craft The World,758,14107,88,"25 Nov, 2014",,248390
My Time at Sandrock - Pet Pack: Lil Gecko,759,43,86,"2 Nov, 2023",,2595730
Barony: Myths & Outcasts,760,99,96,"23 Feb, 2019",,1010820
Vampire's Fall: Origins,761,891,78,"1 Feb, 2020",,1167950
Succubus Forest,762,135,68,"1 Mar, 2025",,3408020
Everholm,763,225,76,"12 Nov, 2024",,2312520
METAL SLUG ATTACK RELOADED,764,1338,73,"19 Jun, 2024",,2322440
Mind Scanners,765,825,81,"20 May, 2021",,1389550
Warframe: 1999 Cyte-09 Bullseye Bundle,766,10,80,"13 Dec, 2024",,3327780
Hand Simulator: Survival,767,7573,86,"17 Dec, 2019",,924140
Chevalier Historie Append,768,53,66,"22 Oct, 2022",,2006230
Remnant II® - The Dark Horizon,769,423,45,"25 Sep, 2024",,2384075
Barony: Legends & Pariahs,770,75,93,"27 Dec, 2019",,1010821
"Monster Hunter Rise - ""Benevolent Bandage"" Hunter layered armor piece",771,11,100,"24 Feb, 2022",,1852233
LoveChoice,772,29932,93,"15 Nov, 2021","1 Oct, 2018",939400
Dying Light - 10th Anniversary Bundle,773,54,96,"11 Feb, 2025",,3454290
Dark Deception Chapter 2,774,475,86,"22 Jan, 2019",,1017030
Romancelvania,775,219,77,"8 Mar, 2023",,1192810
Heroes of the Three Kingdoms,776,602,93,"13 Nov, 2020",,1437820
"MONSTER HUNTER RISE - ""Canyne Tail"" Hunter layered armor piece",777,15,93,"13 Jan, 2022",,1798053
Slice & Dice,778,2051,96,"20 Mar, 2024",,1775490
ICEY,779,24382,90,"17 Nov, 2016",,553640
Exiled Kingdoms,780,952,90,"24 Feb, 2018",,788270
The Unliving,781,689,63,"27 Oct, 2023","8 Nov, 2022",986040
Survivalist,782,2125,80,"31 Jan, 2015",,340050
Remnant II® - The Forgotten Kingdom,783,626,45,"24 Apr, 2024",,2384074
Ideology in Friction Append,784,63,80,"23 May, 2020",,1246400
Divine Orders,785,12,91,"23 May, 2025",,3263480
Redemption: Eternal Quest,786,114,59,"29 Aug, 2015",,390880
Superscout,787,573,76,"18 Jul, 2024",,2862610
Letina's Odyssey,788,39,71,"17 Sep, 2022",,1551620
Diary of Lucie,789,412,87,"24 Feb, 2023","25 Nov, 2020",1454010
Heroes of Might & Magic V: Tribes of the East,790,2696,92,"16 Oct, 2007",,15370
Metal Unit,791,1968,81,"28 Jan, 2021","4 Feb, 2020",1173200
LIZARDS MUST DIE,792,23034,96,"27 Sep, 2023",,2532550
Adorable Witch5 : Lingering,793,424,59,"19 May, 2023",,2271980
The Expanse: A Telltale Series,794,1678,78,"20 Nov, 2023",,1708010
Conan Exiles - Jewel of the West Pack,795,125,68,"2 Aug, 2018",,887120
Assassin's Creed Freedom Cry,796,2427,76,"25 Feb, 2014",,277590
Decision: Red Daze,797,742,74,"19 May, 2022",,1621760
Last Group Out,798,299,80,"18 Feb, 2022",,1843730
Conan Exiles - Riders of Hyboria Pack,799,96,65,"5 Dec, 2019",,1173900
Dread Dawn,800,1814,72,"1 Oct, 2024",,2093920
Mech Armada,801,595,80,"17 Jun, 2022","10 Aug, 2021",1389360
Seed of Evil,802,465,79,"2 Nov, 2018",,892760
Insect Swarm,803,2175,84,"12 Sep, 2024","1 Jun, 2022",1999170
Lilipalace,804,130,63,"14 Jul, 2018",,867120
Kingdom Come: Deliverance – Artbook,805,85,95,"14 Feb, 2018",,801980
Yaga,806,520,81,"13 Jan, 2021",,888530
One Way Heroics Plus,807,140,97,"18 Aug, 2015",,352840
Eastward - Octopia,808,308,86,"31 Jan, 2024",,2305370
Deus Ex: Game of the Year Edition,809,12724,94,"22 Jun, 2000",,6910
Eville,810,398,72,"11 Oct, 2022","6 May, 2020",1220170
PAYDAY 2: McShay Weapon Pack,811,225,88,"11 May, 2022",,1945682
"Rift of the NecroDancer: Pizza Tower - ""It's Pizza Time!""",812,13,76,"6 May, 2025",,3626830
Vampire: The Masquerade – Swansong,813,320,67,"31 May, 2023",,1299510
My Time at Sandrock - Builder's Beach and Ball Clothing Pack,814,58,62,"2 Nov, 2023",,2181522
Frontier Hunter - DLC : Newbie Prop Pack,815,12,91,"15 Dec, 2022",,2177420
Dark Deception Chapter 3,816,256,82,"25 Jun, 2019",,1019930
NO-SKIN,817,745,96,"17 Feb, 2025",,3011030
Gunswitch,818,19,63,"19 May, 2025","19 May, 2025",2862290
Super Robot Wars 30 - Bonus Mission Pack,819,22,81,"28 Oct, 2021",,1689810
Lullaby Days,820,103,83,"28 Jan, 2022","3 Sep, 2021",1274710
Angels of Death Episode.Eddie,821,403,89,"21 May, 2020",,1321230
Graveyard Keeper OST,822,32,93,"15 Aug, 2018",,919050
NEO Scavenger,823,4269,89,"16 Dec, 2014",,248860
Seek Girl V,824,909,72,"28 Aug, 2020",,1393410
SD GUNDAM G GENERATION CROSS RAYS Expansion Pack,825,104,51,"28 May, 2020",,1262670
- Arcane Raise -,826,627,59,"11 Mar, 2017",,603750
LISA the Joyful,827,726,87,"25 Aug, 2015",,379310
RPG Maker MZ - 3D Particle Effect Pack,828,20,70,"21 Aug, 2020",,1351020
The Incredible Adventures of Van Helsing II,829,1891,70,"22 May, 2014",,272470
Assassin's Creed® Origins - The Hidden Ones,830,822,78,"24 Jan, 2018",,662350
Phantom Thief Celianna,831,296,62,"16 Nov, 2018",,907210
Pathfinder: Kingmaker — Varnhold's Lot,832,218,54,"28 Feb, 2019",,900448
Super Dark Deception,833,394,72,"13 Jul, 2024",,2193720
Graveyard Keeper Artbook,834,20,100,"15 Aug, 2018",,919051
Trapped on Monster Island,835,151,50,"4 Oct, 2019",,1042020
Girlfriend Rescue,836,131,80,"11 Jul, 2015",,332400
Scroll Of Taiwu - 碧霄蛇影,837,217,98,"24 Jan, 2025",,3464590
Pathfinder: Kingmaker — Beneath The Stolen Lands,838,161,63,"6 Jun, 2019",,900449
Vampyr - The Hunters Heirlooms DLC,839,158,82,"5 Jun, 2018",,728850
修仙•母珠传 Pig Training Legend,840,129,84,"4 Dec, 2024",,3262320
Old World - Heroes of the Aegean,841,34,91,"19 May, 2022",,1952840
Reigns,842,7314,87,"11 Aug, 2016",,474750
Sakura Hime,843,1307,92,"15 Oct, 2021",,1732740
Streets of Rogue Character Pack,844,214,90,"30 Apr, 2020",,1285810
Fae Farm: Coasts of Croakia,845,48,43,"15 Dec, 2023",,2673180
SpellMaster: The Saga,846,404,41,"17 Feb, 2022",,1247100
Perseus: Titan Slayer,847,313,65,"13 Feb, 2023",,2003050
Pathfinder: Kingmaker — The Wildcards,848,134,78,"14 Dec, 2018",,900447
Amazing Cultivation Simulator - Immortal Tales of WuDang,849,123,91,"31 Aug, 2021",,1701600
Heaven Dust,850,546,91,"27 Feb, 2020",,1032590
Monster Hunter Wilds - Sticker Set: Monsters of the Windward Plains,851,19,73,"28 Feb, 2025",,3117230
Hades Original Soundtrack,852,233,96,"10 Dec, 2019",,1206340
Jotunnslayer: Hordes of Hel - Digital Artbook,853,0,0,"21 Jan, 2025",,3431390
The Bureau: XCOM Declassified,854,4687,67,"23 Aug, 2013",,65930
Zombie Shooter 2,855,488,80,"23 Sep, 2009",,33180
Amazing Cultivation Simulator - Deep in the bamboo Forest,856,474,98,"25 Nov, 2020",,1446730
xiuzhen idle,857,2177,79,"4 Feb, 2025","21 Jun, 2022",1649730
Granblue Fantasy: Relink - Weapon Upgrade Items Pack 1,858,47,93,"14 Mar, 2024",,2782200
花都之恋,859,94,95,"27 Apr, 2022",,1846630
Rise Of Three Kingdoms,860,114,64,"20 Dec, 2024","11 Dec, 2020",1270980
West of Loathing: Reckonin' at Gun Manor,861,142,93,"9 Feb, 2019",,954060
Might and Magic: Heroes VII – Trial by Fire,862,1511,65,"4 Aug, 2016",,445310
South Park™: The Fractured But Whole™ - Bring The Crunch,863,240,84,"1 Aug, 2018",,564791
ARK Fantastic Tames - Pyromane,864,692,39,"5 Jun, 2024",,2972680
Cardpocalypse,865,176,88,"13 Oct, 2020",,904400
Dying Light - Volkan Combat Armor Bundle,866,378,92,"2 Oct, 2020",,1354960
Undefeated,867,120,75,"4 Apr, 2015",,332390
PAYDAY 2: Fugitive Weapon Pack,868,214,80,"30 Jun, 2020",,1351060
Light and Shadow - Doppelganger,869,89,82,"28 Apr, 2023",,2248120
RPG Maker MZ - Fantasy Generator - Armor Parts Set,870,11,100,"4 Aug, 2022",,2072490
Tower Hunter: Erza's Trial,871,1692,72,"12 Oct, 2019",,844850
Dungeon of the ENDLESS™,872,9245,88,"28 Oct, 2014",,249050
Cat Lottery Shop,873,13,100,"23 May, 2025",,3438950
無休仙途 - 天命玄女,874,11,45,"25 Mar, 2025",,3367330
Bound By Flame,875,2859,67,"9 May, 2014",,243930
Idle Cultivation,876,28,92,"18 May, 2025",,3697240
For Inco,877,47,68,"24 Oct, 2019",,1154360
Deus Ex: Invisible War,878,2000,57,"5 Mar, 2004",,6920
DreadOut 2,879,1657,75,"22 Feb, 2020",,945710
Monster Hunter Wilds - Pendant: Avian Wind Chime,880,22,72,"28 Feb, 2025",,3117170
The Sacred Tears TRUE,881,48,66,"26 Sep, 2014",,316840
Remnant II® - The Awakened King,882,826,66,"15 Nov, 2023",,2384073
The Incredible Adventures of Van Helsing III,883,1160,64,"22 May, 2015",,359900
Rogue Samurai,884,44,59,"7 Nov, 2024","18 Apr, 2024",2552680
A Princess of Fallen Kingdom,885,22,68,"4 Sep, 2021",,1632310
Monmusu Gladiator,886,167,95,"15 Jul, 2021",,1660290
PAYDAY 3: Boys in Blue Weapon Pack,887,91,89,"28 Jun, 2024",,2450694
Bloobs Adventure Idle,888,299,85,"15 Jul, 2024","15 Jul, 2024",2942780
Schism,889,104,97,"8 Mar, 2025","12 Dec, 2023",2084300
黄毛漂流记,890,1519,89,"5 Feb, 2024",,2535770
Rogue: Genesia - Dog Pet,891,62,95,"26 May, 2023",,2388080
Legends of Heropolis DX,892,41,56,"3 Mar, 2025",,3042830
Monster Hunter Wilds - Hunter Layered Armor: Fencer's Eyepatch,893,18,77,"28 Feb, 2025",,3117100
Like a Dragon: Infinite Wealth - Special Job Set,894,108,28,"26 Jan, 2024",,2562860
Sunset Hills,895,414,58,"21 Aug, 2024",,1791590
Age of Wonders Shadow Magic,896,501,89,"13 Oct, 2010",,61520
Crimsonland,897,2005,94,"12 Jun, 2014",,262830
The Hex,898,3942,94,"17 Oct, 2018",,510420
Everything,899,3075,83,"21 Apr, 2017",,582270
Dying Light - Classified Operation Bundle,900,160,86,"3 Dec, 2020",,1468290
Pathologic 2: Marble Nest,901,184,88,"29 Oct, 2019",,1141960
Monster Hunter Wilds - Gesture: Celebratory Knee Slide,902,0,0,"4 Apr, 2025",,3117540
King Arthur: Knight's Tale - Supporter Pack DLC,903,18,100,"25 Nov, 2022",,2222070
HIVESWAP: ACT 1,904,3037,94,"15 Sep, 2017",,623940
PAYDAY 3: Fear & Greed Weapon Pack,905,59,94,"16 Sep, 2024",,3171990
The Walking Dead Onslaught,906,881,44,"30 Sep, 2020",,1082680
Hero Siege - Gates of Valhalla (Expansion Set),907,54,24,"14 Jun, 2022",,1574600
Depths of Endor: Dungeon Crawler,908,11,90,"19 Nov, 2024",,3308920
Outward - The Soroboreans,909,147,71,"16 Jun, 2020",,1194010
Bus Simulator: Car Driving,910,34,47,"25 Jan, 2023",,2274860
Rogue: Genesia - Cat Pet,911,30,93,"29 Aug, 2023",,2388081
WorkPlaceRhapsody-Beach,912,121,77,"8 Apr, 2022",,1927070
河洛群俠傳 (Ho Tu Lo Shu ： The Books of Dragon) OST,913,88,95,"26 Apr, 2021",,1454460
"Warhammer 40,000: Inquisitor - Martyr - Sororitas Class",914,209,74,"28 Nov, 2022",,2138210
King Arthur: Knight's Tale - Brigands Skirmish Pack,915,10,50,"23 Nov, 2022",,2221041
Changed-OST,916,274,97,"19 Apr, 2018",,838860
Transistor: Original Soundtrack,917,404,97,"21 May, 2014",,299240
PAYDAY 2: Sydney Character Pack,918,1384,92,"13 May, 2016",,468410
Pyre: Original Soundtrack,919,56,98,"25 Jul, 2017",,643390
Extreme Bus Driver Simulator,920,15,46,"18 Aug, 2023",,2544480
The Council,921,5328,83,"14 Mar, 2018",,287630
Couple-Cultivation Saves the World,922,126,63,"6 Dec, 2024",,3257360
The Making of Streets of Rogue,923,22,90,"13 Jul, 2019",,1064720
Barony Extended Soundtrack by Chris Kukla,924,11,72,"26 Mar, 2018",,470540
Streets of Rogue Soundtrack,925,43,100,"11 Mar, 2017",,594700
Monster Hunter Wilds - Pendant: Blanka-Chan Doll,926,0,0,"28 May, 2025",,3410850
The Passenger,927,111,90,"30 Dec, 2022",,2162160
Symphony of War: The Nephilim Saga - Art & Strategy Guide,928,12,75,"11 Jun, 2022",,1999620
DRAGON BALL Z: KAKAROT - Bonus Items Pack,929,70,72,"17 Jan, 2020",,1144640
雀姬/姫麻雀,930,2813,54,"5 Aug, 2019","6 Aug, 2019",1084520
Delivery from the Pain:Survival / 末日方舟:生存,931,805,79,"12 Jun, 2019",,685340
Tap Ninja - Supporter Pack,932,12,100,"14 Apr, 2022",,1939240
花都之恋-巴黎的少女们,933,21,95,"8 Aug, 2023",,2457620
Warhammer: Chaosbane - Witch Hunter,934,18,77,"11 Nov, 2020",,1396230
Craft The World - Sisters in Arms,935,156,87,"5 Jul, 2016",,492680
ALONE,936,184,88,"31 May, 2021",,1544540
IdleDevils - Asmodeus,937,13,76,"15 Mar, 2024",,2873000
Alicemare,938,1039,88,"22 Nov, 2016",,524850
PAYDAY 2: Gage Russian Weapon Pack,939,529,78,"24 Mar, 2017",,612900
Broken Pieces,940,337,72,"10 Sep, 2022",,1293730
Running on Empty,941,14,100,"10 Sep, 2022",,1880960
Ravenswatch - Fairytales Skin Pack,942,12,83,"27 Sep, 2024",,3113100
Orion Sandbox Enhanced,943,789,93,"21 Sep, 2018",,929670
永恒幻境 Eternal Dreamland,944,330,51,"1 Feb, 2024",,2722270
Dead Effect 2,945,1855,72,"6 May, 2016",,394760
PAYDAY 3: Syntax Error Weapon Pack,946,156,52,"13 Dec, 2023",,2450691
DEEMO -Reborn- Prime Pack I,947,17,100,"4 Sep, 2020",,1299090
Cultist Simulator: The Priest,948,47,55,"31 May, 2019",,871651
PAYDAY 3: Houston Breakout Weapon Pack,949,57,71,"19 Aug, 2024",,2450697
PAYDAY 2: Gage Weapon Pack #01,950,664,72,"5 Dec, 2013",,267380
Xiuzhen Idle DLC - Talismans,951,15,80,"23 Feb, 2024",,2811350
The Great Tournament,952,24,91,"3 Mar, 2017",,800050
Private Property,953,14,85,"20 Jul, 2023",,1481700
Forward to the Sky,954,1821,84,"30 Jan, 2015",,333250
PAYDAY 2: Gage Shotgun Pack,955,580,76,"3 Jul, 2014",,311050
Project Nimbus: Complete Edition,956,1405,85,"27 Sep, 2017",,257030
Hunting Moon - Depression & Succubus,957,89,67,"15 Jun, 2020",,1292750
Choice Chamber,958,122,89,"17 Jul, 2015",,359960
Fearless Fantasy,959,109,88,"16 May, 2014",,282100
Warhammer: Chaosbane - Tomb Kings,960,31,61,"16 Dec, 2019",,1004919
Xiuzhen Idle DLC - Cosmetics,961,27,92,"12 May, 2023",,2426820
DEEMO -Reborn- Prime Pack IV,962,16,81,"4 Feb, 2021",,1459820
Seek Girl Ⅵ,963,1109,77,"30 Sep, 2020",,1419730
PAYDAY 2: Gage Weapon Pack #02,964,603,70,"31 Jan, 2014",,275590
"""LoveChoice - Original Sound Track""",965,40,97,"1 Oct, 2018",,942430
LoveChoice - Original Sound Tracks 3,966,28,100,"13 Sep, 2019",,1156960
"""LoveChoice - Original Sound Track 2""",967,23,100,"1 Jul, 2019",,1111070
Frontier Hunter - DLC : Mother's Trial,968,12,41,"11 Sep, 2024",,3179040
Disgaea PC - Digital Art Book,969,33,81,"25 Feb, 2016",,439540
Dungeon of the ENDLESS™ - Rescue Team Add-on,970,26,96,"25 Nov, 2015",,407200
Renowned Explorers: The Emperor's Challenge,971,31,87,"11 May, 2017",,609970
PAYDAY 2: Gage Assault Pack,972,652,76,"5 Sep, 2014",,320030
Mangui,973,0,0,"19 Apr, 2025","29 Dec, 2024",3220010
Sakura Knight 2,974,57,84,"2 Jun, 2020",,1296260
Pathologic 2: Artbook,975,37,100,"24 May, 2019",,1080220
Renowned Explorers: More To Explore,976,46,93,"1 Jun, 2016",,460390
Our world has not decayed,977,362,85,"26 Oct, 2019",,1116210
I'a I'a Cofflhu Fhtagnyaa,978,274,83,"5 Jan, 2021",,1373320
Treasure chest Corps-結界を維持するため、魔物を退治した,979,198,67,"1 Jun, 2019",,1033450
DOKA 2 KISHKI EDITION,980,3200,84,"6 Nov, 2018",,967250
DEEMO -Reborn- Prime Pack II,981,13,53,"4 Sep, 2020",,1307540
Seek Girl Ⅳ,982,1846,75,"10 Jan, 2020",,1212830
Infectonator: Survivors,983,944,67,"8 Aug, 2016",,269310
Our world has not decayed - Nasu's new clothing,984,13,92,"13 Jan, 2020",,1223780
Seek Girl Ⅱ: Fresh,985,137,61,"10 Jan, 2020",,1213540
Wolcen: Lords of Mayhem - Original Soundtrack,986,34,50,"1 Nov, 2019",,1192450
Fortress of Hell,987,11,90,"23 May, 2019",,644870
Asterigos: Curse of the Stars - Northwind Legion Gear,988,12,58,"12 Oct, 2023",,1783160
Seek Girl V ：Character voice,989,40,57,"11 Dec, 2020",,1424920
Dragon Kingdom War,990,50,70,"11 Feb, 2017",,540860
Monster Hunter Wilds - Gesture: Rearing To Go,991,0,0,"4 Apr, 2025",,3117550
Hunting Moon vol.2,992,46,73,"1 Aug, 2020",,1354240
Sonny,993,459,55,"18 Apr, 2017",,586750
Jean and Josie,994,17,70,"2 Jun, 2022","21 Jan, 2022",1859630
Survive the Fall - Official Guidebook,995,0,0,"23 May, 2025",,3573210
The First Berserker: Khazan Sound Track & Art Book,996,16,37,"28 Mar, 2025",,3265160
Hotel Anatolia,997,351,69,"20 Mar, 2017",,601010
Survive the Fall - Digital Supporter Pack,998,0,0,"23 May, 2025",,3573200
Farm Life: Natures Adventure,999,49,63,"8 Aug, 2016",,511330
"Villages&Dungeons ""Stranger of Crystal City"" Pack",1000,0,0,"20 May, 2025",,3731180
Last Epoch - Abyssal Traveler Supporter Pack,1001,0,0,"2 Aug, 2024",,3080440
Wild Terra 2 - Witchcraft Pack,1002,0,0,"17 Oct, 2023",,2631620
CRYMACHINA - Trinity Set (Three additional playable characters),1003,0,0,"28 Jun, 2024",,2940400
CRYMACHINA - Standard Uniform Set,1004,0,0,"28 Jun, 2024",,2940390
Like a Dragon: Infinite Wealth - Special Outfit: Hello Work Employee (Ichiban),1005,10,10,"26 Jan, 2024",,2669420
Frontier Hunter - DLC : Hairstyle Pack,1006,0,0,"21 Sep, 2023",,2559460
Artifact Seeker - DLC 4: Shadow of the Deep Sea,1007,0,0,"15 May, 2025",,3534930
Artifact Seeker - DLC 1: The Legacy of Mortia,1008,0,0,"26 Jul, 2024",,3065220
Cassette Beasts: Fashion Pack,1009,0,0,"20 Nov, 2024",,2856510
RPG Maker MZ - EX Graphic Base Set Dungeon,1010,0,0,"13 Feb, 2025",,3495940
Cassette Beasts: Wing Pack,1011,0,0,"7 Apr, 2025",,2958230
RPG Maker MZ - Card Game Combat Deckbuilder Engine,1012,0,0,"28 Nov, 2024",,3243580
Disgaea 4 Complete+ Digital Art Book,1013,0,0,"11 Sep, 2020",,1342160
Frontier Hunter - DLC: Costume Pack Season 2,1014,0,0,"5 Mar, 2023",,2177410
"MONSTER HUNTER RISE - ""Swallow Shirt"" Hunter layered armor piece",1015,0,0,"13 Jan, 2022",,1797982
"MONSTER HUNTER RISE - ""Swallow Boots"" Hunter layered armor piece",1016,0,0,"13 Jan, 2022",,1797984
"MONSTER HUNTER RISE - ""Swallow Gloves"" Hunter layered armor piece",1017,0,0,"13 Jan, 2022",,1797983
Dustward,1018,0,0,"25 May, 2025",,3727820
RPG Maker MZ - EX Graphic Baseset Outdoor,1019,0,0,"11 Jan, 2024",,2739410
Monster Hunter Wilds - Pendant: Sakura Posy: White,1020,0,0,"23 Apr, 2025",,3289660
My Time at Sandrock - Digital Artbook,1021,0,0,"28 May, 2024",,2182080
Frontier Hunter - DLC : Clothing Pack,1022,0,0,"15 Dec, 2022","15 Dec, 2022",2177411
Ravenswatch - Digital Artbook,1023,0,0,"27 Sep, 2024",,3113130
RPG Maker MZ - DorapixelMapChips - Modern JP,1024,0,0,"10 Jun, 2021",,1648411
Monster Hunter Wilds - Pendant: Dancing Black Cat,1025,0,0,"4 Apr, 2025",,3360470
Deus Ex: The Fall,1026,3594,36,"18 Mar, 2014",,258180
Ravenswatch - Ravens Skin Pack,1027,0,0,"27 Sep, 2024",,3113110
"Rift of the NecroDancer: Pizza Tower - ""The Death That I Deservioli""",1028,0,0,"6 May, 2025",,3627050
Pathfinder: Kingmaker — Royal Ascension,1029,0,0,,,1209370
"Rift of the NecroDancer: Pizza Tower - ""World Wide Noise""",1030,0,0,"6 May, 2025",,3627070
"Rift of the NecroDancer: Pizza Tower - ""Unexpectancy, Pt. 3""",1031,0,0,"6 May, 2025",,3627060
Infinity Strash: DRAGON QUEST The Adventure of Dai - Legendary Priest Outfit,1032,0,0,"29 Sep, 2023",,2130431
Infinity Strash: DRAGON QUEST The Adventure of Dai - Legendary Mage Outfit,1033,0,0,"29 Sep, 2023",,2130430
Infinity Strash: DRAGON QUEST The Adventure of Dai - Legendary Swordsman Outfit,1034,0,0,"29 Sep, 2023",,2130433
Infinity Strash: DRAGON QUEST The Adventure of Dai - Legendary Warrior Outfit,1035,0,0,"29 Sep, 2023",,2130434
Infinity Strash: DRAGON QUEST The Adventure of Dai - Legendary Martial Artist Outfit,1036,0,0,"29 Sep, 2023",,2130432
Monster Hunter Wilds - Pendant: White Cat Bell,1037,0,0,"23 Apr, 2025",,3289680
Monster Hunter Wilds - Pendant: Sakura Posy: Colorful,1038,0,0,"23 Apr, 2025",,3289670
My Time at Sandrock - Far East Furniture Pack,1039,0,0,"2 Nov, 2023",,2595750
My Time at Sandrock - Interior Decorator Pack,1040,0,0,"2 Nov, 2023",,2595740
Days with Evraco: The Blind Witch in Blue Forest-Chibi Stickers,1041,0,0,"18 Dec, 2024",,3019050
Monster Hunter Wilds - Pendant: Dancing White Cat,1042,0,0,"4 Apr, 2025",,3360450
My Time at Sandrock - Cute Critter Furniture Pack,1043,0,0,"2 Nov, 2023",,2595760
下一站江湖Ⅱ-纯外观DLC《剑指六脉》,1044,0,0,"24 Apr, 2025",,3636310
GUNDAM BREAKER 4 - Story Mission DLC 1 - GO! RESTART!!,1045,32,28,"24 Oct, 2024",,2884330
Bioweaver - Cat Costume Supporter Pack,1046,0,0,"12 Feb, 2025",,3513460
無休仙途/EndlessJourney - 七星奕者,1047,0,0,"25 Mar, 2025",,3367340
Blood Knot,1048,0,0,"14 Nov, 2020",,1456710
Monster Hunter Wilds - Pendant: Black Cat Bell,1049,0,0,"23 Apr, 2025",,3289690
Monster Hunter Wilds - Pendant: Stretched Black Cat,1050,0,0,"4 Apr, 2025",,3360480
DEEMO -Reborn- OST VOL.1,1051,28,35,"4 Sep, 2020",,1316670
Shadow Gambit: The Cursed Crew - Artbook & Strategy Guide,1052,0,0,"18 Aug, 2023",,2505850
Frontier Hunter - DLC : Costume Pack Season 3,1053,0,0,"3 Jun, 2023",,2383090
Monster Hunter Wilds - Pendant: Stretched White Cat,1054,0,0,"4 Apr, 2025",,3360460
PAYDAY 3: Syntax Error Heist,1055,298,33,"13 Dec, 2023",,2450690
Arcis Ultima,1056,0,0,"15 Apr, 2022","15 Apr, 2022",1942510
King Arthur: Knight's Tale - Pict Skirmish Pack,1057,0,0,"23 Nov, 2022",,2221040
Disgaea 6 Complete - Digital Art Book,1058,0,0,"29 Jun, 2022",,2051970
RPG Maker MV - KR Flower Forest Tileset,1059,0,0,"26 Jul, 2024",,3062910
Granblue Fantasy: Relink - Self-Improvement Pack 1,1060,0,0,"14 Mar, 2024",,2782170
DRAGON QUEST TREASURES - Digital Deluxe Upgrade,1061,0,0,"15 Jul, 2023",,2252220
Disgaea 5 Complete - Digital Art Book,1062,0,0,"23 Oct, 2018",,803610
Days with Evraco: The Blind witch in Blue Forest - 3D models and skins,1063,0,0,"18 Dec, 2024",,3347880
Frontier Hunter - DLC : Fashion Package Final Season,1064,0,0,"26 Jul, 2024",,2993520
IdleDevils - Lucifer,1065,0,0,"28 Sep, 2024",,3212200
IdleDevils - Samael,1066,0,0,"28 Sep, 2024",,3212190
RPG Maker MZ - Rdot monsters vol.4,1067,0,0,"19 Dec, 2024",,3386560
IdleDevils - Belial,1068,0,0,"26 Mar, 2024",,2867010
Uncharted Ocean - Adventures at the Poles,1069,12,16,"24 Aug, 2023",,2546550
RPG Maker MZ - Card Frame Starter Pack,1070,0,0,"28 Nov, 2024",,3336470
RPG Maker MZ - Card Audio Starter Pack,1071,0,0,"28 Nov, 2024",,3336480
Warhammer: Chaosbane - Gods Pack,1072,0,0,"25 Sep, 2019",,1004917
King Arthur: Knight's Tale - Blood Armor Skin,1073,0,0,"1 Aug, 2024",,2985590
IdleDevils - Asmodeus Skin,1074,0,0,"5 Feb, 2025",,3212210
IdleDevils - Baphomet Skin,1075,0,0,"5 Feb, 2025",,3468070
Warhammer: Chaosbane - XP Boost,1076,0,0,"31 May, 2019",,1004910
Cage Girl,1077,0,0,"24 May, 2025",,3686650
Warhammer: Chaosbane - Emotes 2 & Blessing,1078,0,0,"5 Sep, 2019",,1004916
Warhammer: Chaosbane - Gold Boost,1079,0,0,"31 May, 2019",,1004912
Warhammer: Chaosbane - Helmet Pack,1080,0,0,"31 May, 2019",,1004911
Otherworld Legends - Adelvyn,1081,0,0,"27 Feb, 2025",,3530030
Warhammer: Chaosbane - Pet Pack 2,1082,0,0,"1 Nov, 2019",,1004918
Warhammer: Chaosbane - Base Fragment Boost,1083,0,0,"4 Jun, 2019",,1004915
Warhammer: Chaosbane - Pet Pack,1084,0,0,"31 May, 2019",,1004914
Warhammer: Chaosbane - Emote Pack,1085,0,0,"31 May, 2019",,1004913
The Case Book of Arne Interlude,1086,0,0,"2 Mar, 2021",,1550440
Neko Dungeon BlaBla Underwear DLC,1087,0,0,"17 Aug, 2018",,904270
Cardpocalypse - Out Of Time,1088,0,0,"13 Oct, 2020",,1388730
Angel Legion-DLC Bunny Girl (Black),1089,0,0,"27 Dec, 2024",,3407290
Tower Hunter: Erza's Trial - OST,1090,0,0,"16 Oct, 2018",,961630
Renowned Explorers - Soundtrack,1091,0,0,"14 Dec, 2018",,997040
Renowned Explorers - Artbook,1092,0,0,"14 Dec, 2018",,997041
Otherworld Legends - Hannah,1093,0,0,"28 Apr, 2022",,1788876
Otherworld Legends - Penhaligon,1094,0,0,"28 Apr, 2022",,1935140
Otherworld Legends - Skin : Dragon Child,1095,0,0,"28 Apr, 2022",,1935151
Otherworld Legends - Hillding,1096,0,0,"28 Apr, 2022",,1788877
Cursed Lands MP3+Wallpapers,1097,0,0,"18 May, 2018",,811200
Zombie Survivors: Inventory Apocalypse,1098,0,0,"27 May, 2025",,3646550
Garbage Truck Driving Simulator,1099,0,0,"14 Jul, 2023",,2477070
Van Helsing II: Magic Pack,1100,0,0,"22 May, 2014",,302450
Rise Eterna War,1101,0,0,"22 Aug, 2024",,2739930
Chamber Survival,1102,0,0,"12 Jul, 2024","3 May, 2024",2943780
