game_appid,game_name,review_id,author_steam_id,author_num_games_owned,author_reviews_count,author_playtime_forever,author_playtime_last_two_week,author_playtime_at_review,author_last_played_time,review_language,review_text,review_created_time,review_updated_time,b_game_recommendation,review_recommendation_count,review_funny_count,review_weighted_rating_score,review_comment_count,b_author_steam_purchase,b_author_received_for_free,b_review_written_during_early_access,b_primarily_steam_deck
570,Dota 2,195894248,76561198133939772,0,1,78355,1184,78355,1748524906,english,i like it,1748524901,1748524901,True,0,0,0.5,0,False,False,False,False
570,Dota 2,195892957,76561198319426313,0,1,181901,726,181871,1748525173,english,"If you want to waste time, play this game",1748523632,1748523632,True,0,0,0.5,0,False,False,False,False
570,Dota 2,195892374,76561198376540794,0,1,126078,932,126048,1748524791,english,"the best overall game, trust this human",1748523043,1748523043,True,0,0,0.5,0,False,False,False,False
570,Dota 2,195892070,76561198171692626,0,1,304106,528,304106,1748524905,english,ggwp,1748522689,1748522689,True,0,0,0.5,0,False,False,False,False
570,Dota 2,195889585,76561199447688272,0,1,23757,391,23663,1748525659,english,yes,1748519979,1748519979,True,0,0,0.5,0,False,False,False,False
570,Dota 2,195888267,76561198127743829,1,1,140734,1698,140734,1748513875,english,.,1748518463,1748518463,True,0,0,0.5,0,False,False,False,False
570,Dota 2,195888199,76561198160965662,49,10,347951,336,347951,1748354913,english,its ok,1748518389,1748518389,True,0,1,0.5,0,False,False,False,False
570,Dota 2,195888070,76561198067243735,0,1,314065,1366,314065,1748448332,english,"Dota is not just a game. It’s a mirror of real life. It teaches you things you didn’t even sign up to learn. In my case, I learned a lot about domestic violence and the judicial system.

The other day I was playing offlane Axe (Archon 1) against a Lifestealer (Ancient 2) and his pos 5 Lion (Ancient 4). I went full lane-cut. 

Lifestealer tried to adapt by dragging his creep wave to meet mine behind his tower, trying to deny me my cut. He fought back valiantly. But sadly, the system favoured me. Every time he resisted, my Axe spun. Eventually, he had to back off. He lost the lane. And soon, he lost everything.

By 8 minutes, I had a Vanguard, full Magic Wand, Brown Boots, and a Blink Dagger. I was unstoppable. I took his Tier 1 tower and shoved the wave in so hard it hit his Tier 2. Then I left the lane to go gank mid.

And that’s when I realised - I felt like a divorced woman.

Before I walked away from the lane (the relationship), I made sure to take his house (his tower), his money (the creepwave), and ensured he’d never see the kids again (my allied creeps). I left him broke and homeless, farming jungle camps like a man forced to move back in with his mother.

I didn’t see him again for most of the game. Well, okay, I did - but then I culled him with the fury of a woman’s rights, and back to the jungle he went. I think I low-key made him lose his sanity.

My job? To make sure he doesn’t touch the creepwave. Every time he tried to sneak in some farm, I felt like I was forced to police the situation - to make sure he didn’t do anything inappropriate to the “kids.” 

As time went on, you could see it. His will to continue, his morale - it dipped hard. I think I broke him. I stripped him of his identity as a carry (and as a man). 

His team, (his family and friends), started blaming him for failing in his duties. And I didn’t even need to spread any rumors. Just let the silence sink in.

Needless to say, I was also MVP that game. It felt so easy. Like a decade ago, I wouldn't be able to pull this off. But now, with women's right (the latest patch and META) and everything, ruining a man's day (or a carry) has never been easier than before.

But when I lose my offlane? It feels like going through the worst kind of domestic abuse. Give the carry an inch, and he’ll beat the living soul out of you. Again and again. No mercy. No way out.

So yeah. That’s Dota 2.

A harsh, brutal, and strangely accurate reflection of life.

10/10. Will play again soon.",1748518249,1748519344,True,0,0,0.5,1,False,False,False,False
570,Dota 2,195887979,76561198368845480,0,3,228,228,228,1748518130,english,E,1748518139,1748518139,True,0,0,0.5,0,False,False,False,False
570,Dota 2,195886013,76561199248507156,6,1,245,1,245,1748524912,english,it is a great game for some great playing addiction in a good way.,1748516052,1748516052,True,0,0,0.5,0,False,False,False,False
570,Dota 2,195885291,76561198453098594,0,1,384160,2756,384160,1748474961,english,"6,000+ hours in, and I still can't tell if I love or hate this game.
Some days it’s amazing. Other days, it feels like psychological warfare. Whether I enjoy it or not usually depends on team picks and the team itself.
Toxicity? Off the charts. Like, end-of-days levels.
Would I recommend this digital torture chamber?
Absolutely.
I don’t know what I could’ve done with 6,000 hours otherwise—maybe become the next Elon Musk or at least be a crypto bro.
But here I am. Picking supports and questioning my life choices.
9/10. Would queue again.",1748515258,1748515258,True,0,0,0.5,0,False,False,False,False
570,Dota 2,195883620,76561198178568406,2,1,428034,1830,427830,1748525653,english,"so enjoy playing dota 2
",1748513445,1748513445,True,0,0,0.5,0,False,False,False,False
570,Dota 2,195883056,76561199128375555,0,2,18709,836,18657,1748516146,english,"Fun game, but depends on your teammates",1748512834,1748512834,True,0,0,0.5,0,False,False,False,False
570,Dota 2,195882914,76561198819930434,0,1,99689,922,99614,1748522148,english,It's good,1748512683,1748512683,True,0,0,0.5,0,False,False,False,False
570,Dota 2,195876662,76561198079741595,0,1,538493,18,538493,1748474968,english,Dota norman,1748506161,1748506161,True,0,0,0.5,0,False,True,False,False
570,Dota 2,195876227,76561199202335003,0,1,120016,3893,119842,1748516169,english,ok,1748505324,1748505324,True,0,0,0.5,0,False,False,False,False
570,Dota 2,195875186,76561198259245446,0,1,43033,228,42805,1748525918,english,YES,1748503366,1748503366,True,0,0,0.5,0,False,False,False,False
570,Dota 2,195874254,76561198832617844,5,1,136,72,63,1748524875,english,Good game,1748501617,1748501617,True,0,0,0.5,0,False,False,False,False
570,Dota 2,195872842,76561198339252789,3,1,46994,2300,46994,1748364380,english,yes cool game,1748498916,1748498916,True,0,0,0.5,0,False,False,False,False
570,Dota 2,195872200,76561199107445325,12,1,590,0,590,1717469022,english,Anjay,1748497640,1748497640,True,0,0,0.5,0,False,False,False,False
570,Dota 2,195871654,76561199226036374,0,1,9518,431,9305,1748512320,english,"the mental breakdowns, the dog sh*t teamates, and the many broken keyboards
",1748496595,1748496595,True,0,0,0.5,0,False,False,False,False
570,Dota 2,195871085,76561198158954422,30,3,160816,583,160779,1748497792,english,דש,1748495561,1748495561,True,0,0,0.5,0,False,False,False,False
570,Dota 2,195870289,76561198075872686,0,4,256490,960,256490,1748253745,english,game = good,1748494033,1748494033,True,0,0,0.5,0,False,False,False,False
570,Dota 2,195868066,76561198128373308,0,1,103177,778,102738,1748526076,english,Nc game,1748490109,1748490109,True,0,0,0.5,0,False,False,False,False
570,Dota 2,195866810,76561198399145879,0,2,105257,2825,105046,1748500556,english,joss,1748487937,1748487937,True,0,0,0.5,0,False,False,False,False
570,Dota 2,195865514,76561199570453728,3,1,9596,296,9516,1748490491,english,"complex but great game, except for report button. its like oprah, everyone gets a report good or bad",1748485796,1748485796,True,0,0,0.5,0,False,False,False,False
570,Dota 2,195865407,76561198112340574,80,15,19259,208,19259,1748025974,english,best moba game,1748485593,1748485593,True,0,0,0.5,0,False,False,False,False
570,Dota 2,195863971,76561198365895976,16,2,16624,278,16620,1748483979,english,nice game,1748483233,1748483233,True,0,0,0.5,0,False,False,False,False
570,Dota 2,195862928,76561199038599111,0,1,110272,1381,110121,1748524369,english,OK OC,1748481601,1748481601,True,0,0,0.5,0,False,True,False,False
570,Dota 2,195862265,76561198208534349,1,1,66243,2708,66243,1748305174,english,Fazoor game ha,1748480645,1748480645,True,0,0,0.5,0,False,False,False,False
570,Dota 2,195861892,76561198085366963,473,26,41819,854,41819,1748400833,english,ГО,1748480045,1748480045,True,0,0,0.5,0,False,False,False,False
570,Dota 2,195860219,76561198304177557,0,28,98937,3595,98590,1748524347,english,GGs!,1748477611,1748477611,True,0,0,0.5,0,False,False,False,False
570,Dota 2,195859768,76561197998492885,0,6,380042,91,380042,1748312232,english,"Game is torture. People push jungle while their tower is falling and you're like defend the tower and they are like ""i can't fight"" so you lose tower and then are further behind. Game and genre are a joke. You should never play them. I mean, I do, I will, and I continue, but you shouldn't.",1748476919,1748476970,True,0,0,0.5,0,False,False,False,False
570,Dota 2,195856736,76561197963953449,104,22,188,91,188,1748472355,english,zici ca e meci Dinamo-Steaua,1748472460,1748472460,True,0,0,0.5,0,False,False,False,False
570,Dota 2,195856171,76561198080449788,59,1,230366,277,230366,1748027148,english,"Dota 2 is like a toxic relationship—you hate it, you love it, you can’t quit it. One minute you’re outplaying opponents like a grandmaster, the next you’re getting flamed by a 12-year-old playing Techies. The learning curve? More like a learning cliff. But once you get hooked, there’s no escape.

The gameplay is deep, the heroes are diverse, and every match feels like a new disaster (or masterpiece). Just remember: if you win, it’s all skill. If you lose? Obviously, your team’s fault.

10/10 – Would feed mid again.",1748471690,1748471690,True,3,0,0.545651137828826904,0,False,False,False,False
570,Dota 2,195854676,76561198816399639,8,1,118997,967,118861,1748477541,english,5vs5 whit a good vibe,1748469774,1748469774,True,0,0,0.5,0,False,False,False,False
570,Dota 2,195854272,76561199076002695,52,8,2797,2482,2797,1748468714,english,"Онлайн БДСМ игры только в доте и только сейчас.Хороший сервис,професиональное обслуживание,адреналин.Заходите быстрее и получайте бесплатно пробные игры!

Д-Драйвовые
О-Охуенные
Т-Трансы
А-С вареником",1748469244,1748470055,True,1,0,0.523809552192687988,0,False,False,False,False
570,Dota 2,195853145,76561198311808960,16,1,591322,7238,590981,1748525487,english,"
3",1748467854,1748467854,True,0,0,0.5,0,False,False,False,False
570,Dota 2,195852928,76561198009230167,0,30,51377,0,51377,1723906377,english,5/10 za duży próg wejścia. Community nie zachęca do powrotu,1748467616,1748467616,True,0,0,0.5,0,False,False,False,False
570,Dota 2,195849935,76561198268810692,0,1,371558,1277,371383,1748519477,english,Highly recommend for those who loves to stress in real time )),1748464168,1748464168,True,0,0,0.5,0,False,False,False,False
570,Dota 2,195849404,76561199044531247,13,29,10438,408,10029,1748522253,english,"super nice community and friendly people, they kept calling me nice names even when i played bad! 10/10",1748463588,1748463588,True,0,0,0.5,2,False,False,False,False
570,Dota 2,195848534,76561198174101585,64,2,406203,0,406203,1745163601,english,На один вечер заебись,1748462654,1748462654,True,0,0,0.5,0,False,False,False,False
570,Dota 2,195847649,76561198957913335,7,1,84538,1713,84311,1748475448,english,if you want to change yore life to no life,1748461702,1748461702,True,0,0,0.5,0,False,False,False,False
570,Dota 2,195846295,76561199637143867,0,1,110868,725,110613,1748519919,english,i just lost my soul during playing this game and now a heart break is just a joke for me,1748460238,1748460238,True,0,0,0.5,0,False,False,False,False
570,Dota 2,195845366,76561198381173594,0,1,24374,427,24257,1748508833,english,Dota is dota.,1748459247,1748459247,True,0,0,0.5,0,False,True,False,False
570,Dota 2,195844925,76561198016489675,0,6,462475,59,462416,1748462058,english,HEROIN!,1748458770,1748458770,True,0,0,0.5,0,False,False,False,False
570,Dota 2,195844308,76561198423160757,74,2,12,0,12,1695678497,english,"""Been playing Dota 2 with my d*ck lately. My win rate? Surprisingly solid. My team morale? Not so much.""",1748458101,1748458101,True,0,0,0.5,0,False,False,False,False
570,Dota 2,195842121,76561198087162043,0,8,104017,0,104017,1744384641,english,O.G.,1748455712,1748455712,True,0,0,0.5,0,False,False,False,False
570,Dota 2,195841944,76561198147499031,91,5,124785,620,124785,1748363598,english,ХУЕТА ЕБАННАЯ,1748455517,1748455517,True,0,0,0.5,0,False,False,False,False
570,Dota 2,195841771,76561198126623068,0,1,271696,744,271514,1748525235,english,so good,1748455324,1748455324,True,0,0,0.5,0,False,False,False,False
570,Dota 2,195837026,76561198310924171,0,1,94947,1916,94828,1748459875,english,nice and addictive,1748450264,1748450264,True,0,0,0.5,0,False,False,False,False
570,Dota 2,195836808,76561199054503531,0,15,3520,1429,3011,1748525152,english,"BKB best item in the game
",1748450038,1748450038,True,0,0,0.5,0,False,False,False,False
570,Dota 2,195836427,76561199754293367,0,3,332,0,332,1743339513,english,derftgyhjk,1748449655,1748449655,True,0,0,0.5,0,False,False,False,False
570,Dota 2,195836349,76561198387402889,0,2,374137,2426,373799,1748526146,english,GG,1748449556,1748449556,True,0,0,0.5,0,False,False,False,False
570,Dota 2,195835745,76561198048124904,0,1,293520,2392,293154,1748484216,english,game is ok,1748448954,1748448954,True,0,0,0.5,0,False,False,False,False
570,Dota 2,195835571,76561197960352652,0,2,680,571,606,1748453058,english,­,1748448774,1748448774,True,0,0,0.5,0,False,True,False,False
570,Dota 2,195835097,76561198309539064,0,2,346847,0,346847,1734766883,english,Don't do it,1748448264,1748448264,True,0,0,0.5,0,False,False,False,False
570,Dota 2,195834403,76561199199765333,3,1,68768,382,68722,1748450209,english,BIFOR IM NOT CRAZY BUT NOW IM CRAZY(:,1748447556,1748447556,True,0,0,0.5,0,False,False,False,False
570,Dota 2,195834101,76561198328342267,0,1,107519,303,107469,1748450222,english,yess,1748447241,1748447241,True,0,0,0.5,0,False,True,False,False
570,Dota 2,195832812,76561199480786225,0,1,9146,731,9131,1748496010,english,pppopo,1748445903,1748445903,True,0,0,0.5,0,False,False,False,False
570,Dota 2,195832405,76561198089110768,0,1,147340,827,147140,1748457276,english,if you want to destroy your mental capacity. play this game,1748445457,1748445457,True,0,0,0.5,0,False,False,False,False
570,Dota 2,195832192,76561199375104207,12,5,753,265,728,1748455779,english,"Я не гей, главное знать меру  ( i am not a gay at all, but there must be a sence of proportion and moderation in this game ^_^ )",1748445234,1748445234,True,0,0,0.5,0,False,False,False,False
570,Dota 2,195828969,76561199857554959,0,5,192,192,192,1748441757,english,"I'm a League player who tried Dota 2 for the first time, played for about 2–3 hours and actually enjoyed it a lot. Visually, the game looks great and the interface feels nice. However, I was a bit confused during matches and wasn’t always sure what to do. The tutorials helped a little, but I still felt pretty lost at times. There wasn’t a very clear guide for beginners, which made it harder to get into.

That said, the game has a lot of potential and depth. I can definitely see it being really fun if you put in more time. Overall, I’d recommend Dota 2,  especially if you're willing to invest the time to learn it properly!",1748441948,1748441948,True,0,0,0.5,0,False,False,False,False
570,Dota 2,195826707,76561198452597031,20,1,77892,4156,77892,1748361621,english,best game ever. but bad for your sleep,1748439472,1748439472,True,0,0,0.5,0,False,False,False,False
570,Dota 2,195826650,76561199810170646,0,1,343,343,336,1748440195,english,ok,1748439407,1748439407,True,0,0,0.5,0,False,False,False,False
570,Dota 2,195825402,76561198342657111,0,1,269785,2912,269716,1748441926,english,nice game,1748438278,1748438278,True,1,0,0.523809552192687988,0,False,False,False,False
570,Dota 2,195821940,76561199225687685,9,1,3166,651,3099,1748439289,english,"игра класная рекоминдую своим друзьям
",1748433845,1748433845,True,0,0,0.5,1,False,False,False,False
570,Dota 2,195820940,76561199479632889,0,1,71301,1829,71020,1748517241,english,is best game for a god man,1748432418,1748432418,True,0,0,0.5,0,False,False,False,False
570,Dota 2,195820743,76561198114885937,0,2,62573,901,62461,1748520052,english,"the game is very easy to play
",1748432125,1748432125,True,0,0,0.5,0,False,False,False,False
570,Dota 2,195820224,76561199762668250,0,2,86,0,86,1729761376,english,научите играть,1748431366,1748431366,True,0,0,0.5,1,False,False,False,False
570,Dota 2,195819102,76561199841667606,0,1,4613,567,4233,1748525935,english,yes,1748429578,1748429578,True,0,0,0.5,0,False,False,False,False
570,Dota 2,195819094,76561198892428306,0,1,73459,20,73438,1748437002,english,Best,1748429572,1748429572,True,0,0,0.5,0,False,False,False,False
570,Dota 2,195818038,76561198167891848,0,1,66258,1932,65990,1748454710,english,playing this makes me feel the nostalgia back in 2015 when i first played this game,1748427913,1748427913,True,0,0,0.5,0,False,True,False,False
570,Dota 2,195817204,76561198330974228,8,1,189988,1987,189737,1748525066,english,"been playing dota since 1st year high school, now im on mid 30's. still enjoying the hell of it.",1748426515,1748426515,True,0,0,0.5,0,False,False,False,False
570,Dota 2,195816895,76561199216812727,0,1,217055,1925,216900,1748516747,english,this game kill my life,1748426065,1748426065,True,0,0,0.5,0,False,False,False,False
570,Dota 2,195816511,76561199215033405,40,5,1459,498,967,1748517058,english,"good game'

",1748425391,1748425391,True,0,1,0.5,0,False,False,False,False
570,Dota 2,195816094,76561199688396108,5,1,1016,1016,621,1748518691,english,"Nice
",1748424656,1748424656,True,0,0,0.5,0,False,False,False,False
570,Dota 2,195814492,76561199811194546,0,1,1700,885,1614,1748430536,english,OK,1748421932,1748421932,True,0,0,0.5,0,False,False,False,False
570,Dota 2,195814315,76561199098292864,22,1,225446,3477,225357,1748427595,english,_-_---__--,1748421631,1748421631,True,0,0,0.5,0,False,False,False,False
570,Dota 2,195813922,76561198022791298,14,2,338,174,212,1748464898,english,"lutshee vo chto ja igral
",1748420938,1748420938,True,0,1,0.5,0,False,False,False,False
570,Dota 2,195813128,76561198994909667,0,1,56024,3075,55884,1748484642,english,I recommend this game prepare your whole life ))))) XDDDDD!!!,1748419477,1748419477,True,0,0,0.5,0,False,False,False,False
570,Dota 2,195812393,76561199852003411,0,2,5673,3202,5248,1748525160,english,"bla blabla, bla bla bla, blablabla, bla bla",1748418110,1748418110,True,0,0,0.5,0,False,False,False,False
570,Dota 2,195812163,76561198043835457,0,12,3432,335,3432,1748426888,english,converted from that other moba,1748417709,1748427378,True,0,0,0.5,0,False,False,False,False
570,Dota 2,195811321,76561199556297096,0,1,3743,524,3711,1748421678,english,noise,1748415969,1748415969,True,0,0,0.5,0,False,False,False,False
570,Dota 2,195811291,76561199843603931,0,1,8246,2131,7877,1748522138,english,i love dota 2,1748415941,1748415941,True,0,0,0.5,0,False,False,False,False
570,Dota 2,195810898,76561199399916851,0,1,16342,2266,15656,1748525627,english,-Spent 260 hours (and counting) playing Turbo because the normal mode fucking sucks for my attention span,1748415114,1748415114,True,0,0,0.5,0,False,False,False,False
570,Dota 2,195810229,76561199810440160,0,2,4995,2691,4526,1748525024,english,Very challenging,1748413745,1748413745,True,0,0,0.5,0,False,False,False,False
570,Dota 2,195810206,76561198129540207,327,41,116864,247,116752,1748498397,english,<3,1748413701,1748413701,True,0,0,0.5,0,False,False,False,False
570,Dota 2,195809719,76561198156372969,4,2,306981,3408,306399,1748524769,english,lol,1748412715,1748412715,True,0,0,0.5,0,False,False,False,False
570,Dota 2,195809647,76561199214274260,10,6,9244,0,9244,1747172609,english,"was so skeptical about MOBAs until i played Dota 2. definitely not as easy as i thought, especially the item builds and movement timing, it caught me off guard i didn’t expect to love it but here we are.",1748412603,1748412603,True,0,0,0.5,0,False,False,False,False
570,Dota 2,195809392,76561199152262304,5,3,284513,3276,284034,1748505551,english,"ALWAYS UPDATE WTF
",1748412080,1748412080,True,0,0,0.5,0,False,False,False,False
570,Dota 2,195809043,76561198828037889,0,1,259753,1259,259573,1748525188,english,a game that will destroy your mental health but u are addicted to it coz u are toxic.,1748411369,1748411369,True,0,0,0.5,0,False,True,False,False
570,Dota 2,195808797,76561198060152078,168,1,74190,2758,73506,1748498869,english,SPAN 101,1748410923,1748410923,True,0,0,0.5,0,False,False,False,False
570,Dota 2,195808518,76561198125296995,0,1,263098,2519,262996,1748497540,english,"Very Family Friendly Game, it release Stress and really good community",1748410357,1748410357,True,0,0,0.5,4,False,False,False,False
570,Dota 2,195807651,76561199112162446,1,2,68876,6899,68323,1748525586,english,r,1748408707,1748408707,True,0,0,0.5,0,False,False,False,False
570,Dota 2,195806966,76561198103663111,13,1,452474,1323,452311,1748433588,english,No stress this game so friendly team mate specially at sea server :v,1748407526,1748407526,True,0,0,0.5,0,False,False,False,False
570,Dota 2,195806676,76561198108132947,6,1,307923,2083,307276,1748518475,english,so stress,1748407032,1748407032,True,0,0,0.5,0,False,False,False,False
570,Dota 2,195804330,76561199823050205,0,1,13068,1774,12969,1748409148,english,very good,1748402885,1748402885,True,0,0,0.5,0,False,False,False,False
570,Dota 2,195802346,76561198338214591,0,2,29974,156,29974,1747920478,english,Peak Game but the only thing Gaben took too long to update,1748399651,1748399651,True,0,0,0.5,0,False,False,False,False
570,Dota 2,195800251,76561198111219449,0,5,58526,94,58526,1748396167,english,This game was created for даунов 10/10,1748396259,1748396301,True,0,0,0.476190477609634399,0,False,False,False,False
570,Dota 2,195797591,76561197998981856,486,10,40441,2455,40410,1748417104,english,"I've played so much Dota, and I'm still terrible.",1748392280,1748392280,True,1,0,0.51827239990234375,0,False,False,False,False
570,Dota 2,195796550,76561199823387542,0,1,3881,3520,3446,1748465251,english,Игра ваще Клас я похудел на 7 кг потому что я сидел играл в доту  и у меня не было времени поесть,1748390675,1748390675,True,0,0,0.5,0,False,False,False,False
570,Dota 2,195796069,76561199020121749,2,2,273205,1101,273197,1748403426,english,This game is perfect but it could be very hard for newbies!,1748389913,1748389913,True,0,0,0.5,0,False,False,False,False
570,Dota 2,195795029,76561199133699816,0,5,58635,99,58572,1748434990,english,"Сменил привод на задний, не нравится(",1748388356,1748388356,True,1,1,0.523809552192687988,0,False,False,False,False
570,Dota 2,195794500,76561198017172757,0,1,400383,6910,399715,1748484087,english,"10 retards in one lobby

perfect experience",1748387601,1748387601,True,0,0,0.5,0,False,False,False,False
570,Dota 2,195792619,76561199615994335,0,1,67151,2645,67044,1748391347,english,"GOOODDDDDDDDD
\",1748384905,1748384905,True,0,0,0.5,0,False,False,False,False
570,Dota 2,195792609,76561198327261586,0,1,293657,3035,292916,1748515339,english,"best game 
",1748384893,1748384893,True,0,0,0.5,0,False,True,False,False
570,Dota 2,195792523,76561197968522467,0,1,158484,326,158391,1748390263,english,"love it, play it. join and find out for yourself",1748384794,1748384794,True,0,0,0.5,0,False,False,False,False
570,Dota 2,195791905,76561198168712849,0,1,38008,593,37676,1748472094,english,aa,1748383806,1748383806,True,0,0,0.5,0,False,False,False,False
570,Dota 2,195791215,76561197993751447,0,1,180065,88,180047,1748385431,english,THIS GAME IS SO GOOD BUT I HATE IT BUT SO GOOD AND VALVE ARE THE BEST,1748382929,1748382929,True,0,0,0.5,0,False,False,False,False
570,Dota 2,195788873,76561199751717516,1,1,12748,3471,12060,1748514027,english,хуетень блядская,1748380202,1748380202,True,0,0,0.5,0,False,False,False,False
570,Dota 2,195788534,76561198436601471,0,2,3713,1557,3713,1748378894,english,w,1748379791,1748379791,True,0,0,0.5,0,False,False,False,False
570,Dota 2,195787474,76561199559465766,4,1,6850,558,6764,1748465471,english,a,1748378567,1748378567,True,0,0,0.5,0,False,False,False,False
570,Dota 2,195786815,76561198263844122,0,1,28239,1141,27950,1748442323,english,"Для додиков, супер параша, никому не советую, просто ужаснейшая игра, копро копро копро копро копро копро копро копро копро копро копро копро копро копро копро копро копро копро копро копро копро копро копро копро копро копро копро копро копро копро копро копро копро копро копро копро копро копро копро копро копро копро копро копро копро копро копро копро копро копро копро копро копро копро копро копро копро копро копро копро копро копро копро копро копро копро копро копро копро копро копро копро копро копро копро копро копро копро копро копро копро копро копро копро копро копро копро копро копро копро копро копро копро копро копро копро копро копро копро копро копро копро копро копро копро копро копро копро копро копро копро копро копро копро копро копро копро копро копро копро копро копро копро копро копро копро копро копро копро",1748377844,1748377844,True,0,0,0.5,0,False,False,False,False
570,Dota 2,195786752,76561199172759368,2,3,10,0,10,1689286444,english,ggg,1748377777,1748377777,True,0,0,0.5,0,False,False,False,False
570,Dota 2,195785912,76561197991562658,0,2,10275,135,10179,1748393657,english,love it,1748376816,1748376816,True,0,0,0.5,0,True,False,False,False
570,Dota 2,195785211,76561197969684102,0,3,479990,758,479902,1748381328,english,its ok,1748376081,1748376081,True,1,1,0.523809552192687988,0,False,False,False,False
570,Dota 2,195785117,76561198280266920,0,1,180888,1289,180641,1748463041,english,,1748375965,1748375965,True,0,0,0.5,0,False,False,False,False
570,Dota 2,195785114,76561198345420186,2,2,210147,3388,209713,1748524610,english,Great game,1748375961,1748375961,True,0,0,0.5,0,False,False,False,False
570,Dota 2,195782141,76561198013057225,0,1,238370,2382,238210,1748452643,english,"Best game ever.
You will know how you life is good compare to the game",1748372806,1748372806,True,1,0,0.523809552192687988,0,False,False,False,False
570,Dota 2,195775050,76561198110255717,0,3,29,0,29,1735808800,english,I want to play and give everything from me,1748365465,1748365465,True,0,0,0.5,0,False,False,False,False
570,Dota 2,195774636,76561199797705431,8,1,6484,691,6343,1748522246,english,"?
",1748365040,1748365040,True,0,0,0.5,0,False,False,False,False
570,Dota 2,195773946,76561198157352468,113,3,304895,611,304752,1748389619,english,it think its fun,1748364331,1748364331,True,0,0,0.5,0,False,False,False,False
570,Dota 2,195773935,76561198963314038,0,2,2032,70,1963,1748368444,english,"За 32 часа выебали мою мать, отца и дочь",1748364319,1748364319,True,0,0,0.5,0,False,False,False,False
570,Dota 2,195773641,76561198019915455,0,1,382468,0,382468,1628892664,english,it's ok,1748364019,1748364019,True,0,0,0.5,0,False,False,False,False
570,Dota 2,195773632,76561198048247136,0,1,89903,163,89739,1748447140,english,Amazing,1748364005,1748364005,True,0,0,0.5,0,False,False,False,False
570,Dota 2,195772574,76561199354801398,0,1,88417,4676,88189,1748507712,english,asdas,1748362899,1748362899,True,0,0,0.5,0,False,False,False,False
570,Dota 2,195772557,76561198876867049,0,1,382334,705,382292,1748364342,english,thanks for my,1748362884,1748362884,True,0,0,0.5,0,False,False,False,False
570,Dota 2,195772538,76561198987072544,0,1,85316,5348,84580,1748525012,english,<3,1748362865,1748362865,True,0,0,0.5,0,False,False,False,False
570,Dota 2,195772225,76561198091002597,2,1,202554,451,202103,1748454256,english,Good either battle and heroes mechanics.,1748362533,1748362533,True,0,0,0.5,0,False,False,False,False
570,Dota 2,195771061,76561198014545580,0,3,370640,2791,370436,1748463148,english,life is one so lets waste it,1748361376,1748361376,True,0,0,0.5,0,False,False,False,False
570,Dota 2,195769653,76561198304218446,0,1,129640,2456,128973,1748459017,english,INSTEAD OF STRESS RELIEVER. THIS IS 100% STRESS GIVER - WOULD RECOMMEND TO EVERYONE WHO WANTS TO LET OUT THEIR ANGER,1748359901,1748359901,True,0,0,0.5,0,False,False,False,False
570,Dota 2,195769640,76561198101048788,0,1,197893,159,197767,1748426131,english,THIS GAME IS FUN,1748359891,1748359891,True,0,0,0.5,0,False,False,False,False
570,Dota 2,195769407,76561198350551634,51,3,16334,0,16334,1740407170,english,noice,1748359672,1748359672,True,0,0,0.5,0,False,False,False,False
570,Dota 2,195767840,76561199143097253,19,1,22938,81,22863,1748445815,english,xD,1748358017,1748358017,True,0,0,0.5,0,False,False,False,False
570,Dota 2,195766350,76561199797511217,0,1,2094,628,1525,1748517425,english,so cool,1748356424,1748356424,True,0,0,0.5,0,False,True,False,False
570,Dota 2,195766278,76561198069850077,0,17,86273,3124,85510,1748504747,english,"Better than Doulingo, managed to learn 4 languages with this one",1748356344,1748356344,True,0,0,0.5,0,False,False,False,False
570,Dota 2,195765464,76561199650992518,0,1,28754,1566,28514,1748525997,english,please help me. automatically buy more items that i didnt click at all. how to refund to return may peso money please,1748355426,1748355426,True,0,0,0.5,0,False,False,False,False
570,Dota 2,195764654,76561198158724612,0,3,93756,1368,93756,1748201066,english,it's alright.. played only a little bit,1748354486,1748354486,True,0,0,0.5,0,False,False,False,False
570,Dota 2,195764452,76561198345305513,0,1,782622,5500,782207,1748516075,english,Game of all time!,1748354258,1748354258,True,1,0,0.523809552192687988,0,False,False,False,False
570,Dota 2,195764215,76561198277671554,0,1,96333,1102,96119,1748515082,english,1k6 hours,1748353987,1748353987,True,0,0,0.5,0,False,False,False,False
570,Dota 2,195763426,76561199221202553,25,1,6206,650,6206,1748302312,english,Ñam ñam,1748353162,1748353162,True,0,0,0.5,0,False,False,False,False
570,Dota 2,195762569,76561198973857500,0,19,3070,3060,2958,1748472430,english,"I play only autochess:

Best Spielomat I've ever played, even better than Book of Ra",1748352142,1748352142,True,0,0,0.5,0,False,False,False,False
570,Dota 2,195760751,76561197975516751,0,2,12644,1110,12389,1748467366,english,is good,1748350019,1748350019,True,0,0,0.5,0,False,True,False,False
570,Dota 2,195760709,76561199774710871,0,1,32460,1402,32087,1748525391,english,good good good,1748349973,1748349973,True,0,0,0.5,0,False,False,False,False
570,Dota 2,195760270,76561199626801814,0,1,12956,1793,12520,1748525461,english,VERY GOOD,1748349359,1748349359,True,0,0,0.5,0,False,False,False,False
570,Dota 2,195760104,76561197963612691,13,14,8158,0,8158,1733222318,english,better than LOL,1748349131,1748349131,True,0,0,0.5,0,False,False,False,False
570,Dota 2,195759014,76561199229926021,0,2,490,490,220,1748476293,english,goood,1748347584,1748347584,True,0,0,0.5,0,False,False,False,False
570,Dota 2,195757381,76561199559318068,0,2,3729,2404,3246,1748525415,english,its good but the developers send menyyy update,1748345250,1748345250,True,0,0,0.5,0,False,False,False,False
570,Dota 2,195757223,76561198075497187,3,1,17432,0,17432,1675638325,english,good game,1748344996,1748344996,True,0,0,0.5,0,False,False,False,False
570,Dota 2,195756334,76561198129099642,0,1,57905,1299,57753,1748434647,english,"Years ago past, still feels like beta",1748343650,1748343650,True,0,0,0.5,0,False,True,False,False
570,Dota 2,195755662,76561198839313251,0,1,4527,3287,4359,1748466421,english,"very cool game, but a very high barrier of entry, as a beginner I struggled a lot to grasp the game, but once I did(I'm glad I kept going), I'm having lots of fun, although there are a lot of possible optimizations tat they can make to improve the game-play for new players, such as what some other mobas do, especially in the In-Game shop where some other games would categorize items based on attributes and class that uses it and putting special items in their own place",1748342553,1748342553,True,0,0,0.5,0,False,False,False,False
570,Dota 2,195754981,76561199201888034,5,1,73404,1628,73404,1748341282,english,"fcking teammate 
",1748341402,1748341402,True,0,0,0.5,0,False,False,False,False
570,Dota 2,195754928,76561198867513677,1,1,117434,308,117266,1748351361,english,Good game,1748341322,1748341322,True,0,0,0.5,0,False,False,False,False
570,Dota 2,195752966,76561198330935547,0,2,145555,1380,145077,1748519691,english,Everything,1748337962,1748337962,True,0,0,0.5,0,False,False,False,False
570,Dota 2,195752918,76561198843635863,0,1,6554,3710,5611,1748525334,english,yes,1748337893,1748337893,True,0,0,0.5,0,False,False,False,False
570,Dota 2,195751627,76561198017397534,0,1,357895,2168,357758,1748519083,english,"Recommended. The game it self is good, but i'm still the noob : (",1748335615,1748335615,True,0,0,0.5,0,False,False,False,False
570,Dota 2,195751526,76561198210888128,0,1,476148,4780,475341,1748524665,english,itsa great game,1748335447,1748335447,True,0,0,0.5,0,False,False,False,False
570,Dota 2,195751470,76561199554600726,0,1,18721,1954,18036,1748463835,english,good,1748335368,1748335368,True,0,0,0.5,0,False,False,False,False
570,Dota 2,195751323,76561198133674483,0,1,215528,327,215382,1748409618,english,awesome,1748335096,1748335096,True,0,0,0.5,0,False,False,False,False
570,Dota 2,195751304,76561198104805725,0,2,318969,1511,318556,1748518831,english,no.,1748335060,1748335060,True,0,0,0.5,0,False,False,False,False
570,Dota 2,195750862,76561198255908166,13,1,265470,2735,264471,1748525209,english,Nice.,1748334135,1748334135,True,0,0,0.5,0,False,False,False,False
570,Dota 2,195750668,76561199712059513,0,4,24625,2930,21785,1748526137,english,Played with zero expectations. Left with 20 screenshots.‍,1748333786,1748333786,True,0,0,0.5,0,False,False,False,False
570,Dota 2,195750667,76561199713247988,4,4,24712,3028,21774,1748525858,english,I was looking for bugs. I found feelings.‍,1748333785,1748333785,True,0,0,0.5,0,False,False,False,False
570,Dota 2,195750664,76561199713005662,0,4,25263,3115,22238,1748526056,english,My therapist recommended nature walks. I played this instead.‍,1748333782,1748333782,True,0,0,0.5,0,False,False,False,False
570,Dota 2,195750662,76561199713000921,4,4,24812,3124,21779,1748525978,english,I didn’t choose this game. This game chose me.‍,1748333781,1748333781,True,0,0,0.5,0,False,False,False,False
570,Dota 2,195750661,76561199713428295,0,4,25033,3040,22083,1748525966,english,3AM. I’m still customizing settings.‍,1748333779,1748333779,True,0,0,0.5,0,False,False,False,False
570,Dota 2,195750657,76561199713243719,0,4,24711,3026,21776,1748525830,english,Buy it. Play it. Question everything.‍,1748333776,1748333776,True,0,0,0.5,0,False,False,False,False
570,Dota 2,195750655,76561199713295220,4,4,25201,3050,22241,1748525907,english,It's weird. I like weird.‍,1748333773,1748333773,True,0,0,0.5,0,False,False,False,False
570,Dota 2,195750653,76561199712615246,4,4,24580,3002,21668,1748524801,english,My GPU wheezes. My heart sings.‍,1748333770,1748333770,True,0,0,0.5,0,False,False,False,False
570,Dota 2,195750650,76561199712437503,0,4,24820,2995,21915,1748524596,english,My GPU wheezes. My heart sings.‍,1748333767,1748333767,True,0,0,0.5,0,False,False,False,False
570,Dota 2,195750646,76561199712715407,0,4,25097,2910,22277,1748524497,english,$0.89 for this? This is theft. Legal theft.‍,1748333764,1748333764,True,0,0,0.5,0,False,False,False,False
570,Dota 2,195750645,76561199713243611,4,4,25177,3021,22246,1748524600,english,Can’t tell if it’s brilliant or cursed. Love it either way.‍,1748333763,1748333763,True,0,0,0.5,0,False,False,False,False
570,Dota 2,195750644,76561199712987339,0,4,25291,3103,22279,1748524570,english,Feels like a fever dream. A beautiful one.‍,1748333761,1748333761,True,0,0,0.5,0,False,False,False,False
570,Dota 2,195750641,76561199711420318,4,4,24888,3053,21925,1748525907,english,Thought I’d refund it. Ended up reviewing it.‍,1748333759,1748333759,True,0,0,0.5,0,False,False,False,False
570,Dota 2,195750639,76561199712177652,0,4,25165,3097,22158,1748525270,english,The best mistake I ever downloaded.‍,1748333757,1748333757,True,0,0,0.5,0,False,False,False,False
570,Dota 2,195750637,76561199712089844,0,4,24682,3093,21680,1748525571,english,I bought it ironically. It played me unironically.‍,1748333754,1748333754,True,0,0,0.5,0,False,False,False,False
570,Dota 2,195750634,76561199711987614,4,4,25184,3100,22174,1748525433,english,I blinked and lost 6 hours.‍,1748333751,1748333751,True,0,0,0.5,0,False,False,False,False
570,Dota 2,195750633,76561199710840357,4,4,25404,3135,22360,1748525485,english,I bought this instead of lunch. Zero regrets.‍,1748333748,1748333748,True,0,0,0.5,0,False,False,False,False
570,Dota 2,195750632,76561199712082353,0,4,24810,3148,21753,1748524682,english,I thought it was a meme. It became my hobby.‍,1748333747,1748333747,True,0,0,0.5,0,False,False,False,False
570,Dota 2,195750630,76561199711794791,0,4,24620,2939,21772,1748524507,english,4 hours in and I still don’t know what’s going on. 10/10.‍,1748333746,1748333746,True,0,0,0.5,0,False,False,False,False
570,Dota 2,195750627,76561199711250968,0,4,25422,3158,22354,1748525830,english,Not sure if game or personality test. I failed both.‍,1748333743,1748333743,True,0,0,0.5,0,False,False,False,False
570,Dota 2,195750624,76561199711627467,0,4,24690,3092,21688,1748524919,english,This game unlocked a part of me I didn’t know existed.‍,1748333740,1748333740,True,0,0,0.5,0,False,False,False,False
570,Dota 2,195750620,76561199711555393,4,4,25311,3119,22281,1748525238,english,They had me at “add to cart.”‍,1748333737,1748333737,True,0,0,0.5,0,False,False,False,False
570,Dota 2,195750619,76561199712336403,0,4,24847,3164,21773,1748524765,english,The best “what did I just play” experience.‍,1748333735,1748333735,True,0,0,0.5,0,False,False,False,False
570,Dota 2,195750613,76561199711702754,0,4,25185,3060,22216,1748525614,english,Runs on a potato. Entertains like a beast.‍,1748333732,1748333732,True,0,0,0.5,0,False,False,False,False
570,Dota 2,195750612,76561199712157075,0,4,24773,3065,21798,1748525035,english,It’s like junk food for the soul. Tasty.‍,1748333731,1748333731,True,0,0,0.5,0,False,False,False,False
570,Dota 2,195750607,76561199711788081,0,4,25345,3096,22339,1748525604,english,I clicked play as a joke. Now I live here.‍,1748333729,1748333729,True,0,0,0.5,0,False,False,False,False
570,Dota 2,195750605,76561199712067044,0,4,25283,2972,22400,1748526189,english,"Honestly, I don’t know what’s happening. But I like it.‍",1748333725,1748333725,True,0,0,0.5,0,False,False,False,False
570,Dota 2,195750602,76561199708574187,4,4,25120,2959,22252,1748525670,english,Bought it on sale. Now I feel like I robbed them.‍,1748333722,1748333722,True,0,0,0.5,0,False,False,False,False
570,Dota 2,195750601,76561199708800012,0,4,25246,3051,22285,1748525667,english,Bought in a bundle. Didn’t expect love. Got love.‍,1748333721,1748333721,True,0,0,0.5,0,False,False,False,False
570,Dota 2,195750598,76561199708663297,0,4,24926,3138,21878,1748525926,english,3 bucks. 100 hours. Who’s the real winner?‍,1748333719,1748333719,True,0,0,0.5,0,False,False,False,False
570,Dota 2,195750593,76561199709172285,4,4,24780,3095,21775,1748526127,english,10/10 would accidentally play for 40 hours again.‍,1748333715,1748333715,True,0,0,0.5,0,False,False,False,False
570,Dota 2,195750591,76561199708395942,4,4,25381,3146,22326,1748524551,english,Lỗi duy nhất là… tôi hết giờ để chơi tiếp.‍,1748333712,1748333712,True,0,0,0.5,0,False,False,False,False
570,Dota 2,195750589,76561199708984292,0,4,24686,3029,21747,1748526124,english,No regrets. Only sisters.‍,1748333711,1748333711,True,0,0,0.5,0,False,False,False,False
570,Dota 2,195750587,76561199708910791,4,4,24991,2973,22108,1748526124,english,I don’t remember why I bought it. But I’m glad I did.‍,1748333708,1748333708,True,0,0,0.5,0,False,False,False,False
570,Dota 2,195750586,76561199708353631,0,4,24802,3003,21889,1748524492,english,15/10. Would confuse my friends again.‍,1748333706,1748333706,True,0,0,0.5,0,False,False,False,False
570,Dota 2,195750583,76561199708804799,0,4,24927,2969,22049,1748526130,english,Best part? I didn’t expect to love it.‍,1748333704,1748333704,True,0,0,0.5,0,False,False,False,False
570,Dota 2,195750581,76561199708996730,4,4,24770,3000,21861,1748525985,english,I was stressed. Now I’m weirdly relaxed.‍,1748333701,1748333701,True,0,0,0.5,0,False,False,False,False
570,Dota 2,195750575,76561199708137075,4,4,24841,3058,21872,1748525977,english,Not sure if it’s a game or a portal to another reality.‍,1748333698,1748333698,True,0,0,0.5,0,False,False,False,False
570,Dota 2,195750573,76561199709124940,0,4,24751,3097,21744,1748526026,english,$1.99? I’d pay $2.01 next time.‍,1748333696,1748333696,True,0,0,0.5,0,False,False,False,False
570,Dota 2,195750571,76561199709103756,4,4,24835,3022,21903,1748525912,english,Made me smile. That’s rare these days.‍,1748333693,1748333693,True,0,0,0.5,0,False,False,False,False
570,Dota 2,195750570,76561199707411042,4,4,25271,3020,22341,1748525452,english,It’s giving… brain vacation.‍,1748333690,1748333690,True,0,0,0.5,0,False,False,False,False
570,Dota 2,195750569,76561199705904046,0,4,24800,3032,21859,1748525136,english,Never heard of it. Now I won’t shut up about it.‍,1748333687,1748333687,True,0,0,0.5,0,False,False,False,False
570,Dota 2,195750562,76561199705025520,0,4,25100,3157,22033,1748525968,english,Bought it for less than a coffee. Got joy for days.‍,1748333685,1748333685,True,0,0,0.5,0,False,False,False,False
570,Dota 2,195750559,76561199705867250,0,4,24884,3131,21843,1748525735,english,"Would explain this game, but I can't. Just try it.‍",1748333682,1748333682,True,0,0,0.5,0,False,False,False,False
570,Dota 2,195750556,76561199705785071,0,4,25403,3124,22369,1748526064,english,It shouldn’t work… but it does.‍,1748333680,1748333680,True,0,0,0.5,0,False,False,False,False
570,Dota 2,195750554,76561199705438656,0,4,24844,3124,21811,1748524762,english,One word: dopamine.‍,1748333677,1748333677,True,0,0,0.5,0,False,False,False,False
570,Dota 2,195750552,76561199706154606,4,4,24453,2771,21773,1748525807,english,Got it in a bundle. Thought it was filler. It wasn’t.‍,1748333676,1748333676,True,0,0,0.5,0,False,False,False,False
570,Dota 2,195750550,76561199705711460,0,4,24778,3037,21832,1748525782,english,"80% confusion, 20% delight. Perfect balance.‍",1748333673,1748333673,True,0,0,0.5,0,False,False,False,False
570,Dota 2,195750549,76561199705043886,4,4,24854,3062,21882,1748526099,english,This game is art. Or chaos. Maybe both.‍,1748333672,1748333672,True,0,0,0.5,0,False,False,False,False
570,Dota 2,195750547,76561199704938219,0,4,25021,3136,21975,1748525824,english,I felt emotions. And I usually don’t.‍,1748333670,1748333670,True,0,0,0.5,0,False,False,False,False
570,Dota 2,195750546,76561199705348664,0,4,25364,3122,22333,1748525789,english,"Steam said ""popular with similar users."" Steam knows me too well.‍",1748333667,1748333667,True,0,0,0.5,0,False,False,False,False
570,Dota 2,195750543,76561199705371331,4,4,25101,3156,22035,1748525399,english,The true final boss? Letting go of this game.‍,1748333664,1748333664,True,0,0,0.5,0,False,False,False,False
570,Dota 2,195750540,76561199702659074,4,4,25436,3196,22330,1748525374,english,It’s giving main character energy.‍,1748333662,1748333662,True,0,0,0.5,0,False,False,False,False
570,Dota 2,195750535,76561199702261070,0,4,24800,3103,21787,1748524631,english,"This game gave me joy, confusion, and leg cramps.‍",1748333659,1748333659,True,0,0,0.5,0,False,False,False,False
570,Dota 2,195750533,76561199702452393,4,4,24696,3100,21686,1748525976,english,Có lúc tôi tắt máy mà vẫn thấy nhân vật trong đầu.‍,1748333657,1748333657,True,0,0,0.5,0,False,False,False,False
570,Dota 2,195750531,76561199703367324,4,4,24815,3097,21809,1748525673,english,Played for 5 minutes. Stayed for the vibes.‍,1748333654,1748333654,True,0,0,0.5,0,False,False,False,False
570,Dota 2,195750530,76561199703350667,0,4,25314,3162,22242,1748525556,english,I thought I was wasting time. Turns out I was investing in joy.‍,1748333652,1748333652,True,0,0,0.5,0,False,False,False,False
570,Dota 2,195750527,76561199701709191,0,4,24665,3016,21740,1748525810,english,I laughed. I cried. I hugged my monitor.‍,1748333648,1748333648,True,0,0,0.5,0,False,False,False,False
570,Dota 2,195750525,76561199702699784,0,4,25307,3169,22228,1748525644,english,"Bought it, blinked, 7 hours gone.‍",1748333646,1748333646,True,0,0,0.5,0,False,False,False,False
570,Dota 2,195750523,76561199702026127,4,4,24686,3069,21708,1748525829,english,Lỗi duy nhất là… tôi hết giờ để chơi tiếp.‍,1748333643,1748333643,True,0,0,0.5,0,False,False,False,False
570,Dota 2,195750490,76561198259020105,0,3,608850,708,608781,1748364052,english,"10k hours.
Earned money through bet games
Graduated college
Had a job
Got a gf
Made kids
What can I say, Dota gave me life.",1748333565,1748333565,True,0,0,0.5,0,False,False,False,False
570,Dota 2,195750414,76561199780554198,0,8,240,0,240,1741489414,english,Nice game,1748333409,1748333409,True,0,0,0.5,0,False,False,False,False
570,Dota 2,195750217,76561198851111569,31,2,6532,1144,6351,1748525214,english,Good for channeling your inner aggression deficit,1748333112,1748333112,True,0,0,0.5,0,False,False,False,False
570,Dota 2,195749390,76561199194931097,0,9,100831,223,100608,1748524998,english,"all cancer
",1748331663,1748331663,True,0,0,0.5,1,False,False,False,False
570,Dota 2,195748963,76561199272200773,1,2,7736,476,7445,1748523172,english,gg,1748330823,1748330823,True,0,0,0.5,0,False,False,False,False
570,Dota 2,195748557,76561198964202157,0,1,74259,1436,73915,1748507166,english,"I just use this game to relax, after hard work days !
It is really helpful !
I just love my work now !",1748329980,1748329980,True,0,0,0.5,0,False,False,False,False
570,Dota 2,195746117,76561198140942384,0,1,215749,3480,214966,1748521338,english,Fucking awesome,1748325434,1748325434,True,0,0,0.5,0,False,False,False,False
570,Dota 2,195744561,76561199086446146,0,1,16758,2093,15963,1748525753,english,nice,1748322343,1748322343,True,0,0,0.5,0,False,False,False,False
570,Dota 2,195743594,76561199696037773,3,1,3092,0,3092,1745650226,english,хорошая игра,1748320570,1748320570,True,0,0,0.5,0,False,False,False,False
570,Dota 2,195743372,76561198210425505,0,5,83277,2831,82993,1748495121,english,i want to shoot myself,1748320172,1748320172,True,1,0,0.523809552192687988,0,False,False,False,False
570,Dota 2,195740856,76561199843514348,0,1,15135,6349,13799,1748520227,english,interesting to play and also fun to play,1748315992,1748315992,True,1,0,0.523809552192687988,0,False,False,False,False
570,Dota 2,195740539,76561198168230088,0,1,331783,1399,331723,1748319818,english,One of the best game... playing it since last 10 years still cant over it. Fuck my Life!!!,1748315464,1748315464,True,0,0,0.5,0,False,False,False,False
570,Dota 2,195740139,76561198347679750,0,1,161482,5403,160112,1748524882,english,GOOD game,1748314860,1748314860,True,0,0,0.5,0,False,False,False,False
570,Dota 2,195737288,76561198830730223,2,1,76123,3827,74074,1748525053,english,"lovvvee it
",1748310585,1748310585,True,0,0,0.5,0,False,False,False,False
570,Dota 2,195735793,76561197963339774,0,4,58408,1287,58103,1748464308,english,"10 years later and people who play this game are still finding new ways to obliterate one another, what's not to love!?",1748308315,1748308315,True,0,0,0.5,0,False,False,False,False
570,Dota 2,195733147,76561197972727646,220,3,200912,2626,199203,1748485056,english,Love me some dota,1748304301,1748304301,True,0,0,0.5,0,False,False,False,False
570,Dota 2,195732688,76561198067277487,0,1,245732,4387,244736,1748473853,english,i would roughly say its like world of warcraft on steroids    ;),1748303575,1748303575,True,0,0,0.5,0,False,False,False,False
570,Dota 2,195732589,76561198256964095,0,3,7305,6101,4142,1748526192,english,"Toxic community, but gameplay is good",1748303441,1748303441,True,0,0,0.5,0,False,False,False,False
570,Dota 2,195732489,76561199860364216,0,1,1307,1307,349,1748525995,english,Perfect!,1748303296,1748303296,True,0,0,0.5,0,False,False,False,False
570,Dota 2,195731128,76561198123380798,0,1,907681,6556,906532,1748500268,english,"good game
",1748301289,1748301289,True,0,0,0.476190477609634399,0,False,False,False,False
570,Dota 2,195730619,76561198043543416,118,12,106562,66,106562,1748300465,english,I think this is the most hateful game ever! When is the next match?,1748300565,1748300565,True,0,0,0.5,0,False,False,False,False
570,Dota 2,195725162,76561198351541528,0,1,204840,735,204514,1748381860,english,good game ez,1748293611,1748293611,True,0,0,0.5,0,False,False,False,False
570,Dota 2,195723195,76561199523119020,0,1,87999,5183,87180,1748467264,english,"mf you dont play dota  you very very noooooooooooooooooob mf go home and 
",1748291536,1748291536,True,0,0,0.5,0,False,False,False,False
570,Dota 2,195722534,76561199828208613,0,1,1249,743,1217,1748462099,english,"Игра в полне достойная мне нравится, но если б тимейты играли бы получше было бы отлично в так игра хорошая",1748290806,1748290806,True,0,0,0.5,0,False,False,False,False
570,Dota 2,195719351,76561199106670881,0,1,143255,3080,142476,1748524927,english,good game,1748287622,1748287622,True,0,0,0.5,0,False,True,False,False
570,Dota 2,195719170,76561199057512364,0,1,78980,1972,78392,1748513003,english,too harsh punishment for abandoning sometimes because of necessity,1748287444,1748287444,True,0,0,0.5,0,False,False,False,False
570,Dota 2,195718533,76561198111188175,0,1,196819,2782,195751,1748519937,english,its fun,1748286842,1748286842,True,0,0,0.5,0,False,False,False,False
570,Dota 2,195718390,76561198366789071,2,2,377994,5099,376917,1748475424,english,GOOD,1748286718,1748286718,True,0,0,0.5,0,False,False,False,False
570,Dota 2,195717040,76561198126236002,45,25,59443,0,59443,1741322972,english,"This game is a beautiful, intricate exercise in masochism. You'll hate it. You'll uninstall. Then you'll be back at 3 AM arguing with a stranger about why Sniper is a legitimate mid. 10/10, send help and mana potions.",1748285445,1748285445,True,0,0,0.5,0,False,False,False,False
570,Dota 2,195716672,76561198349620468,0,1,112946,1181,112750,1748378305,english,"It is a good Moba with good mechanics and is not pay-to-win. The only thing you pay is aesthetics if you want. Is constantly updated (for my own disgrace, i hate that I have to download updates so often or relearn) but in general, for the price of ZERO FUCKING BUCKS, it deserves your attention.",1748285065,1748285065,True,0,0,0.5,0,False,False,False,False
570,Dota 2,195716427,76561198406984343,1,1,109668,2780,109293,1748448404,english,"FUCKYOURUPDATES....

and you too",1748284849,1748284849,True,0,0,0.5,0,False,False,False,False
570,Dota 2,195716172,76561198351584647,18,3,211147,3154,210551,1748323112,english,classic,1748284658,1748284658,True,0,0,0.5,0,False,False,False,False
570,Dota 2,195716162,76561198039229859,0,2,116881,637,116590,1748524957,english,Epic game.,1748284643,1748284643,True,0,0,0.5,0,False,False,False,False
570,Dota 2,195715616,76561199247966000,0,1,14435,20,14415,1748285903,english,жопа жопа атя атя та ята ятататавыаа фыло тытвыа фыв афыуаф ыв,1748284141,1748284141,True,0,0,0.5,0,False,False,False,False
570,Dota 2,195715163,76561198329225793,0,1,424027,1874,423602,1748479044,english,"XD
",1748283700,1748283700,True,1,0,0.523809552192687988,1,False,False,False,False
570,Dota 2,195713009,76561199335522129,0,1,66961,2556,66414,1748521387,english,"Baby calm down
",1748281726,1748281726,True,0,0,0.5,0,False,False,False,False
570,Dota 2,195712500,76561199860444424,0,1,2045,2047,460,1748525962,english,NICE. But need to has better matchmaking,1748281235,1748281235,True,1,0,0.523809552192687988,0,False,False,False,False
570,Dota 2,195709487,76561199159915210,0,2,84954,3959,84064,1748525952,english,HEHE,1748278322,1748278322,True,0,0,0.5,0,False,False,False,False
570,Dota 2,195709117,76561199635716981,0,2,9,0,9,1736793198,english,Govno,1748277989,1748277989,True,0,0,0.5,0,False,False,False,False
570,Dota 2,195708861,76561198256532495,65,4,1784,1584,1194,1748480650,english,"very beginner friendly game, people love to help and definitely don't talk shit to you for not knowing every single characters abilities in the game.",1748277720,1748277720,True,0,0,0.5,2,False,True,False,False
570,Dota 2,195708445,76561199143633287,36,3,46598,3446,45731,1748523001,english,В игре нету персонажа макан и нету фоновой музыки асфальт 9 . Игру категорически не рекомендую!!!,1748277356,1748277356,True,0,0,0.5,0,False,False,False,False
570,Dota 2,195706960,76561198124986174,0,1,243573,874,243425,1748452937,english,okay game,1748275910,1748275910,True,0,0,0.5,0,False,False,False,False
570,Dota 2,195705497,76561197980204862,0,7,322897,2127,322370,1748455335,english,i mean it's alright,1748274466,1748274466,True,0,0,0.5,0,False,False,False,False
570,Dota 2,195705222,76561199853543631,2,2,1144,1144,731,1748511093,english,that shii good,1748274197,1748274197,True,1,0,0.523809552192687988,0,False,False,False,False
570,Dota 2,195704592,76561199521611085,0,1,26163,760,26105,1748277029,english,Best MOBA Game,1748273535,1748273535,True,0,0,0.5,0,False,False,False,False
570,Dota 2,195699634,76561198256130325,0,2,249910,1784,249425,1748458607,english,I LOVE THIS FUCKING GAMEFUICKING SHIT,1748268859,1748268859,True,0,0,0.5,0,False,False,False,False
570,Dota 2,195698474,76561198322323179,11,6,248259,435,248017,1748284000,english,"Best game ever
",1748267760,1748267760,True,0,0,0.5,0,False,False,False,False
570,Dota 2,195697430,76561199552954346,0,1,22111,1846,20613,1748508279,english,крутая игра люблю и ненавижу одновременно,1748266718,1748266718,True,0,0,0.5,0,False,False,False,False
570,Dota 2,195697233,76561199838199853,0,1,1748,16,1732,1748268138,english,IT WAS A FUN GAME I SITLL LIKE IT,1748266498,1748266498,True,0,0,0.5,0,False,False,False,False
570,Dota 2,195696222,76561199794447079,0,1,42887,2968,42636,1748364475,english,im a 90s kid and this game is very amazing,1748265398,1748265398,True,0,0,0.5,0,False,False,False,False
570,Dota 2,195696129,76561198387838605,0,1,23332,0,23332,1701009502,english,Help,1748265295,1748265295,True,0,0,0.5,0,False,False,False,False
570,Dota 2,195694790,76561198977016600,0,1,113023,4877,111863,1748478204,english,The Goat of games.,1748263819,1748263819,True,0,0,0.5,0,False,True,False,False
570,Dota 2,195694529,76561198262939048,0,4,237638,1023,237158,1748515973,english,"Its crazy how i am still playing this game
just like having a relapse on a bad ex
you will always come back",1748263542,1748263542,True,0,0,0.5,0,False,False,False,False
570,Dota 2,195694347,76561197986123023,0,1,603334,1487,603080,1748524478,english,Dota is a timeless classic of gaming history. Need to bring back Maverick the Gambler.,1748263362,1748263362,True,0,0,0.5,0,False,False,False,False
570,Dota 2,195692090,76561198343940569,70,5,323,0,323,1664664364,english,gud,1748260883,1748260883,True,0,0,0.5,0,False,False,False,False
570,Dota 2,195691911,76561199213369739,2,1,13161,2233,12417,1748526127,english,"good shit, you can hate for free
",1748260667,1748260667,True,0,0,0.5,0,False,False,False,False
570,Dota 2,195691655,76561197998094987,0,11,83116,3009,82194,1748525715,english,"Dota - Basshunter
",1748260406,1748260406,True,0,0,0.5,0,False,False,False,False
570,Dota 2,195691271,76561198859686361,0,1,122823,1561,122489,1748523185,english,goods,1748259965,1748259965,True,0,0,0.5,0,False,False,False,False
570,Dota 2,195691051,76561199739463882,9,1,6439,307,6132,1748524842,english,fun,1748259694,1748259694,True,0,0,0.5,0,False,False,False,False
570,Dota 2,195690250,76561197969792821,0,1,216909,1705,216355,1748524482,english,great game if you hate your sanity,1748258616,1748258616,True,0,0,0.5,0,False,False,False,False
570,Dota 2,195689604,76561198045091346,0,4,88303,294,88126,1748457977,english,s,1748257710,1748257710,True,0,0,0.5,0,False,False,False,False
570,Dota 2,195689328,76561197997009878,36,2,14079,572,13978,1748266230,english,Please add setting for neutral automated selection of items and attributes depending on current situation,1748257312,1748257312,True,0,0,0.5,0,False,False,False,False
570,Dota 2,195689290,76561198253006040,0,1,96657,211,96446,1748525812,english,Nicely done,1748257262,1748257262,True,0,0,0.5,0,False,False,False,False
570,Dota 2,195688911,76561198870112698,8,1,107,0,107,1745765561,english,Write review coz i need,1748256716,1748256716,True,0,0,0.5,0,False,False,False,False
570,Dota 2,195688578,76561198107412289,16,1,601814,2186,601396,1748526127,english,GG,1748256198,1748256198,True,0,0,0.5,0,False,False,False,False
570,Dota 2,195688010,76561198849938209,0,1,90586,2676,89927,1748525606,english,you cant rank up in this game becuse of smorfs and bad disign. u can see always imortall players in low ranks but game not bad.,1748255320,1748255320,True,0,0,0.5,0,False,False,False,False
570,Dota 2,195686847,76561199340481943,52,6,5911,3606,5588,1748508277,english,в игре одни геи,1748253436,1748253436,True,0,0,0.5,0,False,False,False,False
570,Dota 2,195686762,76561199211315288,8,1,81656,949,80916,1748431580,english,learning russian:100 play:0,1748253287,1748253287,True,0,0,0.5,0,False,False,False,False
570,Dota 2,195685741,76561199276493480,11,1,64443,878,63565,1748521165,english,عالی,1748251630,1748251630,True,0,0,0.5,0,False,False,False,False
570,Dota 2,195684730,76561198284183352,31,5,21725,2789,20589,1748515210,english,"Крутая игра, забрала ненужные аспекты жизни: доход, отношения, образование",1748249833,1748249833,True,0,0,0.5,0,False,False,False,False
570,Dota 2,195684373,76561198021636924,408,15,31244,101,31209,1748337258,english,"no
",1748249197,1748249197,True,0,0,0.5,0,False,False,False,False
570,Dota 2,195684066,76561199099921800,0,1,2270,742,1837,1748498253,english,Nakakatuwa kasi nakakastress tas nagagalit ka sa ibang tao,1748248618,1748248618,True,0,0,0.5,0,False,False,False,False
570,Dota 2,195684035,76561198390983516,10,1,193,25,192,1748262850,english,played like it,1748248568,1748248568,True,1,0,0.523809552192687988,0,False,False,False,False
570,Dota 2,195681880,76561198958228065,0,2,93535,4263,93104,1748468790,english,lol,1748244458,1748244458,True,0,0,0.5,0,False,False,False,False
570,Dota 2,195681248,76561199014185057,123,4,11120,6368,10290,1748503420,english,"""Every second my mental health gets worse, 10/10 game""

""Why are my Drow Rangers Bum cheeks at this game""

""Russian shouting at me? that's the spirit""

""Im going to farm for 20mins BRB""

Rating - 10/10",1748243277,1748243277,True,0,0,0.5,0,False,False,False,False
570,Dota 2,195680689,76561199403831059,12,3,49220,1302,48640,1748361706,english,спасибо харошому габену что расширил мое очко как годжо сатору техникой Расширение территории  теперь в мое очко влазит уже не только 5 этажный дом а еще и пудж месте с всеми предметами доты,1748242235,1748242235,True,0,0,0.5,0,False,False,False,False
570,Dota 2,195678453,76561199444800565,32,1,99994,2156,98875,1748520266,english,"thats good
",1748238030,1748238030,True,0,0,0.5,0,False,False,False,False
570,Dota 2,195678155,76561198354702084,0,1,113430,996,113430,1748178865,english,"every after work, the best game for me! helps me want to quit job and play like a monster hahah",1748237414,1748237414,True,0,0,0.5,0,False,False,False,False
570,Dota 2,195677248,76561198109966252,118,12,1849,0,1849,1726018992,english,is gud,1748235732,1748235732,True,0,0,0.5,0,False,False,False,False
570,Dota 2,195676952,76561198237182596,0,1,55153,0,55153,1741604783,english,"dunno any English at the beginning, now even curse words are in my vocabulary",1748235266,1748235266,True,1,0,0.523809552192687988,0,False,False,False,False
570,Dota 2,195676189,76561197978167651,0,3,343497,1054,343043,1748508786,english,game is game,1748234237,1748234237,True,0,0,0.5,0,False,False,False,False
570,Dota 2,195675615,76561198375568841,0,1,8201,0,8201,1746432581,english,so kewl,1748233585,1748233585,True,0,0,0.5,0,False,False,False,False
570,Dota 2,195674999,76561198377933659,0,3,127935,46,127893,1748235458,english,WOW really great game. Love the game. Many games fall of after few years but not this game.,1748232937,1748232937,True,1,0,0.523809552192687988,0,False,True,False,False
570,Dota 2,195674675,76561199799046272,0,1,43527,2103,42795,1748525699,english,سیب میقولم,1748232505,1748232505,True,0,0,0.476190477609634399,0,False,False,False,False
570,Dota 2,195674463,76561199611991776,0,1,6878,3634,6032,1748507484,english,GOOD,1748232177,1748232177,True,0,0,0.5,0,False,False,False,False
570,Dota 2,195671887,76561198369301222,0,1,27147,42,27104,1748231645,english,wp,1748229107,1748229107,True,0,0,0.5,0,False,False,False,False
570,Dota 2,195671024,76561198105710143,0,1,472948,3927,471909,1748477046,english,GOOD,1748228092,1748228092,True,0,0,0.5,0,False,False,False,False
570,Dota 2,195669259,76561198078835001,0,1,662193,4519,660927,1748517472,english,100% Lifesteal!,1748225335,1748225335,True,0,0,0.5,0,False,True,False,False
570,Dota 2,195669076,76561198126926769,0,1,200213,860,200039,1748483969,english,"I have been playing this since it was warcraft and I was in the first year of high school until today, when I have a son that asked me to teach him how to play this game.

It is okay to have low ranking since not all of us will have profit from this game. Remember, this is just a game to enjoy, and what people say in the game don't reflect/ define who you are.",1748225075,1748225075,True,0,0,0.5,0,False,True,False,False
570,Dota 2,195668986,76561199542930599,0,1,43286,2999,42340,1748524920,english,"не надо, ребят",1748224936,1748224936,True,1,0,0.523809552192687988,1,False,False,False,False
570,Dota 2,195668157,76561198075955786,0,1,362204,3082,360780,1748506881,english,great casual game,1748223664,1748223664,True,0,0,0.5,0,False,False,False,False
570,Dota 2,195666648,76561198235770730,0,1,135572,607,135315,1748486687,english,yes,1748221427,1748221427,True,0,0,0.5,0,False,False,False,False
570,Dota 2,195666504,76561198013428513,0,1,115497,0,115497,1686561272,english,It was a deal with Lucy...,1748221225,1748221225,True,0,0,0.5,0,False,False,False,False
570,Dota 2,195665665,76561198070905614,0,1,481271,1432,480778,1748471054,english,toxicood and bad.,1748219939,1748219939,True,0,0,0.5,0,False,False,False,False
570,Dota 2,195665278,76561198214795404,0,1,133464,1047,132872,1748410978,english,"stupid game
",1748219367,1748219367,True,0,1,0.5,0,False,False,False,False
570,Dota 2,195663138,76561199492075313,0,1,1425,0,1425,1683473378,english,si me gusta y se lo recomiendo a todos,1748216195,1748216195,True,0,0,0.5,0,False,False,False,False
570,Dota 2,195657534,76561198411416676,0,1,123992,1303,123338,1748517358,english,so injoyable,1748209130,1748209130,True,0,0,0.5,0,False,False,False,False
570,Dota 2,195656758,76561199126253977,90,9,238,238,238,1748207834,english,"I suffered 30minutes per round without even knowing how I died half the time – or what was going on at all.
Amazing experience. 10/10",1748208239,1748208239,True,0,0,0.5,0,False,False,False,False
570,Dota 2,195654449,76561199071678876,0,1,26845,2247,25233,1748502873,english,good game!,1748205702,1748205702,True,0,0,0.5,0,False,False,False,False
570,Dota 2,195653552,76561198211003613,76,1,174340,4731,172940,1748500545,english,"If you are ready to get roasted and  test your emotional limits  and you want to be resistant against toxicity just try some ranked games in Russian servers. You will learn new words and some frustrating facts about yourself. In general fun to play, but very exhausting sometimes. You need to learn tons of things before even you start understand some stuff.",1748204808,1748204808,True,0,0,0.5,0,False,False,False,False
570,Dota 2,195651642,76561198064621821,0,3,155474,0,155474,1747169452,english,It's ok.,1748202940,1748202940,True,0,0,0.5,0,False,False,False,False
570,Dota 2,195650599,76561198257216060,0,2,1942,0,1942,1502916931,english,i've met my wife here.,1748201926,1748201926,True,0,0,0.476190477609634399,0,False,False,False,False
570,Dota 2,195649126,76561198059906931,0,4,290406,123,290406,1748198617,english,x,1748200526,1748200526,True,0,0,0.5,0,False,False,False,False
570,Dota 2,195648104,76561198250374448,0,6,1890,0,1890,1742156726,english,worst game I've ever played gaemne sucks don't play,1748199567,1748385898,True,0,0,0.5,0,False,False,False,False
570,Dota 2,195646637,76561198023797953,0,4,101602,1357,101420,1748471369,english,game,1748198181,1748198181,True,0,0,0.5,0,False,False,False,False
570,Dota 2,195646569,76561199644974749,0,1,72675,9524,70837,1748383479,english,"If life seems to be running smoothly, Dota may offer the challenge you seek. It tests the strength of friendships, pushes the limits of one’s patience and decision-making, and introduces a variety of languages—all within the span of a single match.",1748198117,1748198117,True,1,0,0.523809552192687988,1,False,False,False,False
570,Dota 2,195646073,76561199793887249,0,2,70,0,70,1745586921,english,ура роплакс,1748197659,1748197659,True,1,0,0.523809552192687988,0,False,False,False,False
570,Dota 2,195645171,76561198850281274,0,1,375402,3790,374741,1748522266,english,Awesome.,1748196794,1748196794,True,1,0,0.523809552192687988,0,False,False,False,False
570,Dota 2,195644067,76561198343371041,0,1,9660,42,9617,1748198272,english,top,1748195764,1748195764,True,0,0,0.5,0,False,False,False,False
570,Dota 2,195643492,76561198272774367,0,1,175471,1716,175043,1748515251,english,best game ever,1748195225,1748195225,True,0,0,0.5,0,False,False,False,False
570,Dota 2,195643142,76561199218052877,0,2,65799,2072,65162,1748515092,english,good,1748194908,1748194908,True,0,0,0.5,0,False,False,False,False
570,Dota 2,195642674,76561199860155948,0,1,1256,1256,609,1748357787,english,прикольная игра!,1748194440,1748194440,True,1,0,0.523809552192687988,0,False,False,False,False
570,Dota 2,195642652,76561199025840798,0,1,91774,630,91537,1748270706,english,great game,1748194413,1748194413,True,0,0,0.5,0,False,False,False,False
570,Dota 2,195641567,76561198394858544,0,1,72737,9204,70354,1748521780,english,after 1000 hours playing i understand how to uninstall the game and start doing things to myself,1748193415,1748193415,True,0,0,0.5,0,False,False,False,False
570,Dota 2,195641410,76561198166389068,0,1,362342,3284,360089,1748526210,english,it will test your patience and mental health specially in SEA server!. Sea server is not for the weak! so good luck and have fun!,1748193284,1748193284,True,0,0,0.5,0,False,True,False,False
570,Dota 2,195640643,76561198097701259,0,1,215990,840,215308,1748451108,english, so far everythings fine,1748192629,1748192629,True,0,0,0.5,0,False,False,False,False
570,Dota 2,195639545,76561198437474063,13,1,69951,793,69577,1748509597,english,Best game ever,1748191652,1748191652,True,0,0,0.5,0,False,False,False,False
570,Dota 2,195638721,76561198195805425,0,1,90986,3079,89763,1748512991,english,gg,1748190885,1748190885,True,0,0,0.5,0,False,False,False,False
570,Dota 2,195637909,76561198805421417,0,1,365489,989,365072,1748463481,english,wsdw,1748190155,1748190155,True,0,0,0.5,0,False,True,False,False
570,Dota 2,195637906,76561198823761211,22,2,5223,0,5223,1697677781,english,Good game,1748190155,1748190155,True,0,0,0.5,0,False,False,False,False
570,Dota 2,195636114,76561198447026350,30,2,333979,2728,333141,1748521879,english,"Сколько часов в доте, столько хуёв в жопе",1748188616,1748188616,True,0,0,0.5,0,False,False,False,False
570,Dota 2,195635358,76561197994039487,0,7,20971,2593,20095,1748514284,english,Плотная игра.,1748187980,1748187980,True,0,0,0.486111104488372803,0,False,False,False,False
570,Dota 2,195635183,76561199560199122,0,1,5331,441,4890,1748461354,english,мне выебали мозги арматурой,1748187828,1748187828,True,0,0,0.486111104488372803,0,False,False,False,False
570,Dota 2,195635043,76561198808925407,0,1,64964,2665,64638,1748525001,english,gg,1748187710,1748187710,True,0,0,0.486111104488372803,0,False,False,False,False
570,Dota 2,195633743,76561199793761149,0,1,3227,809,2907,1748210779,english,mvp,1748186550,1748186550,True,0,0,0.486111104488372803,0,False,False,False,False
570,Dota 2,195633622,76561198177178981,0,1,110708,34,110676,1748443404,english,very enjoy,1748186446,1748186446,True,0,0,0.5,0,False,False,False,False
570,Dota 2,195633614,76561199830096231,0,1,8125,1729,7635,1748483519,english,NICE GAME,1748186440,1748186440,True,0,0,0.5,0,False,False,False,False
570,Dota 2,195633560,76561199166718179,24,2,46465,1790,45632,1748523979,english,skibidi,1748186391,1748186391,True,0,0,0.5,0,False,False,False,False
570,Dota 2,195632580,76561198327672403,0,1,104586,1256,104398,1748463318,english,"Not a fan of this game, will probably stop playing soon",1748185675,1748185675,True,0,0,0.5,0,False,False,False,False
570,Dota 2,195632129,76561198982501679,0,1,18152,1195,16957,1748478063,english,"please add sex
",1748185373,1748185373,True,0,0,0.5,0,False,False,False,False
570,Dota 2,195629817,76561198317450181,0,26,6147,0,6147,1746082438,english,masqva serverinden derhal cixin sizin de menniyinizi sikijehler,1748183773,1748183773,True,0,0,0.5,0,False,False,False,False
570,Dota 2,195629125,76561199003598811,2,1,55522,3114,54319,1748516519,english,after playing for 6 months i would say its good,1748183230,1748183230,True,0,0,0.5,0,False,False,False,False
570,Dota 2,195627491,76561198170769397,0,1,2319,2108,2044,1748367843,english,Cool,1748182016,1748182016,True,0,0,0.5,0,False,False,False,False
570,Dota 2,195627367,76561199262005495,0,1,76468,107,76420,1748445916,english,"Dota is one of my first games that i put my effort in to play it well. I started it as a kid and soon played for years till now, I would say I'm quite well with the mechanics and how things work. This game is full of surprises and also a lot of variables and as it motto says, 1000 Dota matches really have 1000 different outcomes and the most important thing is every single one of them is still very interesting. Hopefully Dota stays fun and more League players can come to face reality by playing Dota lmao cause LOL is just a meme.",1748181939,1748181939,True,0,0,0.5,0,False,False,False,False
570,Dota 2,195626286,76561199815926380,0,1,5779,667,5470,1748460242,english,1121324REEFDGD,1748181111,1748181111,True,0,0,0.5,0,False,False,False,False
570,Dota 2,195626105,76561199771464752,0,3,1497,1397,1204,1748452956,english,"good game
",1748180945,1748180945,True,0,0,0.5,0,False,True,False,False
570,Dota 2,195623963,76561198084099335,0,1,281487,7965,279365,1748525558,english,nc,1748178925,1748178925,True,0,0,0.5,0,False,False,False,False
570,Dota 2,195623530,76561199506274006,0,1,428,428,182,1748507930,english,fun,1748178483,1748178483,True,0,0,0.5,0,False,False,False,False
570,Dota 2,195622781,76561199859515046,0,1,2004,2004,1356,1748289763,english,sdfsdf,1748177749,1748177749,True,0,0,0.5,0,False,False,False,False
570,Dota 2,195621511,76561199557359697,0,1,63912,3131,62941,1748526217,english,i love it,1748176400,1748176400,True,0,0,0.5,0,False,True,False,False
570,Dota 2,195620792,76561198378358543,0,2,50821,4454,49483,1748478428,english,Always something to learn and improve on! I've loved this game since vanilla.,1748175649,1748175649,True,0,0,0.5,0,False,False,False,False
570,Dota 2,195619965,76561199667317984,0,1,22099,161,21951,1748333033,english,I have always played Dota and i have always liked everything about it. The game play as well as the lore. Dota 2 is like a modern take on an old classic without it losing the essence of the game.,1748174756,1748174756,True,0,0,0.5,0,False,False,False,False
570,Dota 2,195619173,76561199826385272,0,1,1222,0,1222,1741896875,english,"Да я ебал. Самое интересное что и меня,  и мою тиму. А я нирвзу никого не ебал",1748173851,1748173851,True,1,0,0.523809552192687988,1,False,False,False,False
570,Dota 2,195619039,76561198131025457,0,1,246678,2165,246059,1748525567,english,"I have been playing this game for 15 years, great game, nice graphics.",1748173706,1748173706,True,0,0,0.5,0,False,False,False,False
570,Dota 2,195618773,76561198289420172,107,24,1194,0,1194,1663810487,english,Valve's games are always the best.,1748173400,1748173400,True,0,0,0.5,1,False,False,False,False
570,Dota 2,195617007,76561199674269794,0,2,2920,120,2799,1748433104,english,"говно полнейшае
",1748171548,1748171548,True,0,0,0.5,0,False,False,False,False
570,Dota 2,195616928,76561199249803676,0,1,8623,538,8521,1748523532,english,sdcx,1748171462,1748171462,True,0,0,0.5,0,False,False,False,False
570,Dota 2,195616448,76561198042413518,658,4,62903,246,62903,1748161326,english,Good,1748170921,1748170921,True,0,0,0.5,0,False,False,False,False
570,Dota 2,195616023,76561199853598534,0,1,8994,5465,7593,1748517176,english,Better than LoL,1748170433,1748170433,True,0,0,0.5,0,False,False,False,False
570,Dota 2,195613696,76561199166169176,0,1,54664,573,54489,1748178587,english,"Most addictive Game, Once in never out",1748169431,1748169431,True,0,0,0.5,0,False,False,False,False
570,Dota 2,195613265,76561199844730631,0,1,754,205,585,1748377682,english,the new update is just an cool (especially pudge in wheelchair),1748168955,1748168955,True,0,0,0.5,0,False,False,False,False
570,Dota 2,195610888,76561198299068327,0,1,242085,323,241935,1748444810,english,mental abuser and if u need a time machine just hop on dota 2,1748166255,1748166255,True,0,0,0.5,0,False,False,False,False
570,Dota 2,195610487,76561198118258453,0,1,1835,175,1835,1748165772,english,awesome game!,1748165755,1748165755,True,0,0,0.5,0,False,False,False,False
570,Dota 2,195608594,76561198735142405,0,1,114575,2397,113863,1748439603,english,yeah,1748163265,1748163265,True,0,0,0.5,0,False,False,False,False
570,Dota 2,195608163,76561198274085957,0,2,147802,2230,147297,1748525223,english,Nice game,1748162692,1748162692,True,0,0,0.5,0,False,False,False,False
570,Dota 2,195607900,76561198299057551,0,1,173966,109,173912,1748166091,english,good,1748162400,1748162400,True,0,0,0.5,0,False,False,False,False
570,Dota 2,195606746,76561198231793936,0,2,1298151,3510,1297351,1748459016,english,highly addictive,1748160889,1748160889,True,1,0,0.523809552192687988,0,False,False,False,False
570,Dota 2,195606695,76561198102090653,7,1,119067,275,119023,1748163384,english,Game improves through time,1748160825,1748160825,True,0,0,0.5,0,False,False,False,False
570,Dota 2,195606330,76561199187009247,16,2,2269,2237,1229,1748508911,english,Update more on Quality of life feature please.,1748160348,1748160348,True,0,0,0.5,0,False,False,False,False
570,Dota 2,195605979,76561198166246032,50,5,8337,0,8337,1743337526,english,"One of the most addictive and challenging competitive games I've ever played.
Dota 2 isn’t just a game — it’s a world of endless strategy, skill, and teamwork. Every match feels unique, and no two games are ever the same. The community can be toxic at times, but when you have a coordinated team, the experience is unbeatable. The learning curve is steep, but once you get the hang of it, it’s nearly impossible to stop playing!",1748159930,1748159930,True,0,0,0.5,0,False,False,False,False
570,Dota 2,195605708,76561198152781121,0,1,357971,1935,357638,1748287957,english,nc,1748159536,1748159536,True,0,0,0.5,0,False,False,False,False
570,Dota 2,195605664,76561199617625140,0,1,30367,2051,29761,1748459355,english,Is so good game,1748159474,1748159474,True,0,0,0.5,0,False,False,False,False
570,Dota 2,195605378,76561198087231478,0,2,201203,1357,200849,1748406927,english,toxic in SEA,1748159044,1748159044,True,0,0,0.5,0,False,False,False,False
570,Dota 2,195604958,76561199239434746,0,1,83103,3398,82043,1748485755,english,احسن لعبة,1748158535,1748158535,True,0,0,0.5,0,False,False,False,False
570,Dota 2,195603964,76561198109282965,0,1,212519,5408,210821,1748508941,english,ok,1748157047,1748157047,True,1,0,0.523809552192687988,0,False,False,False,False
570,Dota 2,195602788,76561198093658149,0,3,191821,738,191736,1748347773,english,"Very good, very nice",1748155307,1748155307,True,0,0,0.5,0,False,True,False,False
570,Dota 2,195602235,76561199499552164,2,1,28617,3318,26900,1748525439,english,"NICE VERY VERY NICE
",1748154526,1748154526,True,0,0,0.5,0,False,False,False,False
570,Dota 2,195602192,76561198063465096,0,2,229929,1107,228831,1748526125,english,"Amazing game, even though its hard to stay updated and well versed with the ever changing new metas!",1748154466,1748154466,True,0,0,0.5,0,False,True,False,False
570,Dota 2,195601919,76561198844708386,25,2,148230,1277,147501,1748526113,english,"2458 Hours, and i am still wooden rank, i would offer this game if you want some kind of mental issue
10/10 for gameplay 20/10 for guaranteed insanity.",1748154020,1748154020,True,0,0,0.5,0,False,False,False,False
570,Dota 2,195601217,76561199213848726,56,12,809,0,809,1717091019,english,best game ever !,1748152967,1748152967,True,0,0,0.5,0,False,True,False,False
570,Dota 2,195600343,76561198073725684,0,5,101848,844,101262,1748524668,english,Good Game,1748151684,1748151684,True,0,0,0.485436886548995972,0,False,False,False,False
570,Dota 2,195598088,76561198355204336,17,1,321171,857,321171,1747850191,english,"This game taught me to hate everyone equally no matter the race, culture, gender or skin color.",1748148281,1748148281,True,0,0,0.5,0,False,False,False,False
570,Dota 2,195597856,76561198110388455,0,3,307713,360,307354,1748455270,english,this game never get old,1748147956,1748147956,True,0,0,0.5,0,False,False,False,False
570,Dota 2,195597809,76561198441375529,135,22,262963,0,262963,1746785810,english,"if you want to become an honor student at your school, you really need to play this game highly recommended",1748147903,1748147903,True,0,0,0.5,0,False,False,False,False
570,Dota 2,195597805,76561199814892658,0,1,3815,2566,3255,1748495173,english,Nice,1748147900,1748147900,True,0,0,0.5,0,False,False,False,False
570,Dota 2,195597196,76561198204045849,13,2,353790,0,353790,1746962244,english,This is good game if you want to destroy your mental health,1748147003,1748147003,True,0,0,0.5,0,False,False,False,False
570,Dota 2,195596465,76561198274990942,0,1,233566,1203,233035,1748289022,english,hhh,1748145962,1748145962,True,0,0,0.5,0,False,False,False,False
570,Dota 2,195596458,76561199374256547,16,2,390,0,390,1738010677,english,"100
",1748145954,1748145954,True,0,0,0.5,0,False,False,False,False
570,Dota 2,195594687,76561198238935872,0,5,148131,805,148043,1748361528,english,some are good some are goood,1748143382,1748143382,True,0,0,0.5,0,False,False,False,False
570,Dota 2,195593465,76561199834804974,0,1,9248,5100,5220,1748496995,english,Very Positive,1748141660,1748141660,True,0,0,0.5,0,False,False,False,False
570,Dota 2,195593250,76561199171896658,0,1,100420,1062,100031,1748324797,english,braindead game,1748141381,1748141381,True,0,0,0.5,0,False,False,False,False
570,Dota 2,195592496,76561198068837595,0,1,442503,900,442321,1748313979,english,The best and the worst game ever!,1748140372,1748140372,True,0,0,0.5,0,False,False,False,False
570,Dota 2,195592043,76561198079983217,0,1,162438,1283,161285,1748281442,english,good,1748139855,1748139855,True,0,0,0.5,0,False,False,False,False
